-- phpMyAdmin SQL Dump
-- version 4.1.12
-- http://www.phpmyadmin.net
--
-- Host: localhost:3306
-- Generation Time: Feb 14, 2015 at 12:51 PM
-- Server version: 5.5.34
-- PHP Version: 5.4.26

SET SQL_MODE = "NO_AUTO_VALUE_ON_ZERO";
SET time_zone = "+00:00";

--
-- Database: `suo_db`
--

-- --------------------------------------------------------

--
-- Table structure for table `booking`
--

CREATE TABLE `booking` (
  `tid` char(40) NOT NULL,
  `bookingtime` int(12) NOT NULL,
  KEY `bookingtime` (`bookingtime`)
) ENGINE=MyISAM DEFAULT CHARSET=utf8;

--
-- Dumping data for table `booking`
--

INSERT INTO `booking` (`tid`, `bookingtime`) VALUES
('793F7A8D-7DC6-0DFF-1EB9-CCD5A52602F3', 1416143369),
('9DCCFD77-6EDE-9D11-8037-82E3CA19BA18', 1412625600),
('1D9228CD-B834-7237-12CC-861140F62D14', 1412625600),
('0B408D40-5D8A-D254-B900-1B9D64D2534E', 1412625500);

-- --------------------------------------------------------

--
-- Table structure for table `clients`
--

CREATE TABLE `clients` (
  `id` char(40) NOT NULL,
  `client_id` char(40) NOT NULL,
  `role` int(1) NOT NULL DEFAULT '0',
  `REMOTE_ADDR` char(45) DEFAULT NULL,
  `HTTP_X_FORWARDED_FOR` char(45) DEFAULT NULL,
  UNIQUE KEY `id` (`id`)
) ENGINE=MyISAM DEFAULT CHARSET=utf8;

--
-- Dumping data for table `clients`
--

INSERT INTO `clients` (`id`, `client_id`, `role`, `REMOTE_ADDR`, `HTTP_X_FORWARDED_FOR`) VALUES
('A57908D2-9A9D-C80D-1E8F-1D0C8170871E', 'REDOC-ADMIN', 0, '', ''),
('0BCF323B-AD5C-8901-D2CB-39A883A12820', 'KIOSK-I', 2, '', ''),
('5BCF323B-AD5C-8901-D2CB-39A883A12820', 'REDOC-I', 1, '', ''),
('3D64F5DB-DEFB-05BC-5266-21E711B68A36', 'REDOC-V', 1, '', ''),
('086FF3FB-8BCB-7C22-B726-34E2D65F8CC2', 'REDOC-II', 1, '', ''),
('33F82053-ECB9-0002-42C4-D5B096CD780F', 'REDOC-III', 1, '', ''),
('BF0A1F6C-3A33-8950-1E93-3D09330F7BA4', 'REDOC-IV', 1, '', '');

-- --------------------------------------------------------

--
-- Table structure for table `clients_activity`
--

CREATE TABLE `clients_activity` (
  `id` int(11) NOT NULL AUTO_INCREMENT,
  `cid` char(40) NOT NULL,
  `uid` char(40) NOT NULL,
  `last` int(15) NOT NULL,
  `logout` int(15) DEFAULT NULL,
  PRIMARY KEY (`id`),
  UNIQUE KEY `$id` (`id`)
) ENGINE=MyISAM  DEFAULT CHARSET=utf8 AUTO_INCREMENT=277 ;

--
-- Dumping data for table `clients_activity`
--

INSERT INTO `clients_activity` (`id`, `cid`, `uid`, `last`, `logout`) VALUES
(276, '0BCF323B-AD5C-8901-D2CB-39A883A12820', '01E36F6E-618F-8CE7-858E-32E85259BCKI', 1423652485, NULL),
(275, 'A57908D2-9A9D-C80D-1E8F-1D0C8170871E', '875BB2DB-0D6D-B86A-9007-5B082FF4B53D', 1423652477, 1423652477),
(274, 'A57908D2-9A9D-C80D-1E8F-1D0C8170871E', '875BB2DB-0D6D-B86A-9007-5B082FF4B53D', 1423651646, NULL),
(273, '0BCF323B-AD5C-8901-D2CB-39A883A12820', '01E36F6E-618F-8CE7-858E-32E85259BCKI', 1423651634, 1423651634),
(272, '5BCF323B-AD5C-8901-D2CB-39A883A12820', '43F94D79-8DFD-6856-8DA0-B9ADAB454D4B', 1423125756, NULL),
(271, '0BCF323B-AD5C-8901-D2CB-39A883A12820', '01E36F6E-618F-8CE7-858E-32E85259BCKI', 1422475380, 1423652485),
(270, 'A57908D2-9A9D-C80D-1E8F-1D0C8170871E', '875BB2DB-0D6D-B86A-9007-5B082FF4B53D', 1422475369, 1422475369),
(269, 'A57908D2-9A9D-C80D-1E8F-1D0C8170871E', '875BB2DB-0D6D-B86A-9007-5B082FF4B53D', 1422442657, 1423651646),
(268, '5BCF323B-AD5C-8901-D2CB-39A883A12820', '43F94D79-8DFD-6856-8DA0-B9ADAB454D4B', 1422272115, 1422272115),
(267, '5BCF323B-AD5C-8901-D2CB-39A883A12820', '43F94D79-8DFD-6856-8DA0-B9ADAB454D4B', 1422272089, 1423125756),
(266, '0BCF323B-AD5C-8901-D2CB-39A883A12820', '01E36F6E-618F-8CE7-858E-32E85259BCKI', 1422272074, 1422272074),
(265, '0BCF323B-AD5C-8901-D2CB-39A883A12820', '01E36F6E-618F-8CE7-858E-32E85259BCKI', 1422272044, 1422475380),
(264, 'A57908D2-9A9D-C80D-1E8F-1D0C8170871E', '875BB2DB-0D6D-B86A-9007-5B082FF4B53D', 1422272029, 1422272029),
(263, 'A57908D2-9A9D-C80D-1E8F-1D0C8170871E', '875BB2DB-0D6D-B86A-9007-5B082FF4B53D', 1422271882, 1422442657),
(262, '0BCF323B-AD5C-8901-D2CB-39A883A12820', '01E36F6E-618F-8CE7-858E-32E85259BCKI', 1422271869, 1422271869);

-- --------------------------------------------------------

--
-- Table structure for table `cp_binding`
--

CREATE TABLE `cp_binding` (
  `id` int(11) NOT NULL AUTO_INCREMENT,
  `cid` char(40) NOT NULL,
  `pid` char(40) NOT NULL,
  PRIMARY KEY (`id`),
  UNIQUE KEY `id` (`id`),
  KEY `cid` (`cid`,`pid`)
) ENGINE=MyISAM  DEFAULT CHARSET=utf8 AUTO_INCREMENT=30 ;

--
-- Dumping data for table `cp_binding`
--

INSERT INTO `cp_binding` (`id`, `cid`, `pid`) VALUES
(29, '5BCF323B-AD5C-8901-D2CB-39A883A12820', 'G036A7DC-D14E-9118-6FFD-DD4058186D4D');

-- --------------------------------------------------------

--
-- Table structure for table `cs_binding`
--

CREATE TABLE `cs_binding` (
  `id` int(10) NOT NULL AUTO_INCREMENT,
  `cid` char(40) NOT NULL,
  `sid` char(40) NOT NULL,
  PRIMARY KEY (`id`),
  UNIQUE KEY `id` (`id`)
) ENGINE=MyISAM  DEFAULT CHARSET=utf8 AUTO_INCREMENT=31 ;

--
-- Dumping data for table `cs_binding`
--

INSERT INTO `cs_binding` (`id`, `cid`, `sid`) VALUES
(30, '5BCF323B-AD5C-8901-D2CB-39A883A12820', '0cf4337c-cac6-44d2-8dab-5554272fcbe7');

-- --------------------------------------------------------

--
-- Table structure for table `error_log`
--

CREATE TABLE `error_log` (
  `id` int(7) NOT NULL AUTO_INCREMENT,
  `REMOTE_ADDR` char(45) NOT NULL,
  `uid` char(40) DEFAULT NULL,
  `error_description` text NOT NULL,
  `datetime` int(12) NOT NULL,
  UNIQUE KEY `id` (`id`),
  KEY `id_2` (`id`)
) ENGINE=MyISAM  DEFAULT CHARSET=utf8 AUTO_INCREMENT=72 ;

-- --------------------------------------------------------

--
-- Table structure for table `pc_binding`
--

CREATE TABLE `pc_binding` (
  `pid` char(40) NOT NULL,
  `cid` char(40) NOT NULL,
  `_id` int(11) NOT NULL AUTO_INCREMENT,
  PRIMARY KEY (`_id`),
  UNIQUE KEY `_id` (`_id`),
  KEY `pid` (`pid`)
) ENGINE=MyISAM  DEFAULT CHARSET=utf8 AUTO_INCREMENT=335 ;

-- --------------------------------------------------------

--
-- Table structure for table `products`
--

CREATE TABLE `products` (
  `id` char(40) NOT NULL,
  `name` varchar(512) NOT NULL,
  `action_type` char(4) NOT NULL,
  `recordlimit` int(4) NOT NULL,
  `description` varchar(1024) NOT NULL,
  `timereglament` int(5) NOT NULL DEFAULT '900',
  `timedelta` int(10) DEFAULT NULL,
  UNIQUE KEY `id` (`id`)
) ENGINE=MyISAM DEFAULT CHARSET=utf8;

--
-- Dumping data for table `products`
--

INSERT INTO `products` (`id`, `name`, `action_type`, `recordlimit`, `description`, `timereglament`, `timedelta`) VALUES
('G036A7DC-D14E-9118-6FFD-DD4058186D4D', 'Выдача бланков документов', 'DOCP', 0, 'Выдача бланков документов', 120, 122),
('F036A7DC-D14E-9118-6FFD-DD4058186D4D', 'Заполнение бланков документов', 'DOCP', 0, 'Заполнение бланков документов', 420, 311);

-- --------------------------------------------------------

--
-- Table structure for table `product_categories`
--

CREATE TABLE `product_categories` (
  `id` char(40) NOT NULL,
  `name` varchar(512) NOT NULL,
  `prefix` char(20) DEFAULT NULL,
  PRIMARY KEY (`id`),
  UNIQUE KEY `prefix` (`prefix`)
) ENGINE=MyISAM DEFAULT CHARSET=utf8;

-- --------------------------------------------------------

--
-- Table structure for table `product_situations`
--

CREATE TABLE `product_situations` (
  `id` char(40) NOT NULL,
  `name` varchar(512) NOT NULL,
  `prefix` char(20) DEFAULT NULL,
  PRIMARY KEY (`id`)
) ENGINE=MyISAM DEFAULT CHARSET=utf8;

--
-- Dumping data for table `product_situations`
--

INSERT INTO `product_situations` (`id`, `name`, `prefix`) VALUES
('0cf4337c-cac6-44d2-8dab-5554272fcbe7', 'Субсидии', 'СБ'),
('0e595b15-5c90-48ab-a5be-9461ce0ce274', 'Получение сведений по недвижимости', 'СН'),
('1850a156-d7f4-4230-8aa6-2468c913ad84', 'Социальная поддержка населения', 'СП'),
('2a8b80a4-8de9-408c-9754-66020fffd46c', 'Семьи со среднедушевым доходом, размер которого не превышает величину прожиточного минимума в Костромской области', 'СД'),
('36689cac-6845-4a32-9faa-c395fc7c5f0d', 'Предоставление земельных участков', 'ЗУ'),
('3edf6850-42ba-4661-b602-a705a2e1fac9', 'Получить справку / Хобби, увлечения', 'СХ'),
('437ac4fb-9446-4660-a446-194f4d62fe3c', 'Получение льгот, поддержки, низкий уровень доходов', 'ЛГ'),
('477156f3-1c80-4d53-8348-5a27fb5d6af7', 'Переустройство и (или) перепланировка жилого помещения', 'ПЖ'),
('52a4b0e0-6d36-47c0-a708-bea31e8ff727', 'Оплата услуг ЖКХ', 'ЖКХ'),
('58c918ba-84d5-4f33-99bc-607e871c7142', 'Поиск работы, привлечение рабочей силы', 'РС'),
('626892e3-33e7-4e75-a333-cd43939cb8ae', 'Рождение и воспитание ребёнка', 'РБ'),
('6725c853-9a71-4310-8880-33a26f373297', 'Недвижимость/строительство', 'НС'),
('6f1ba0a6-7a40-4b7a-86bb-62df1882e00c', 'Переезд, миграция', 'ПМ'),
('f1f81e01-71a6-4ee0-b318-2999eed2b85f', 'Оформление документов на недвижимость/Строительство', 'ДН'),
('0cf4337a-cbc1-44d2-8dcb-5554272fcbe9', 'Формирование документов', 'ФД');

-- --------------------------------------------------------

--
-- Table structure for table `ps_binding`
--

CREATE TABLE `ps_binding` (
  `id` int(11) NOT NULL AUTO_INCREMENT,
  `pid` char(40) NOT NULL,
  `sid` char(40) NOT NULL,
  PRIMARY KEY (`id`),
  UNIQUE KEY `id` (`id`),
  KEY `pid` (`pid`)
) ENGINE=MyISAM  DEFAULT CHARSET=utf8 AUTO_INCREMENT=43 ;

--
-- Dumping data for table `ps_binding`
--

INSERT INTO `ps_binding` (`id`, `pid`, `sid`) VALUES
(40, 'G036A7DC-D14E-9118-6FFD-DD4058186D4D', '3edf6850-42ba-4661-b602-a705a2e1fac9'),
(39, 'F036A7DC-D14E-9118-6FFD-DD4058186D4D', '3edf6850-42ba-4661-b602-a705a2e1fac9');

-- --------------------------------------------------------

--
-- Table structure for table `settings`
--

CREATE TABLE `settings` (
  `id` int(11) NOT NULL AUTO_INCREMENT,
  `entity` char(40) NOT NULL,
  `parameter` char(40) NOT NULL,
  `value` varchar(3000) NOT NULL,
  `description` char(40) NOT NULL,
  PRIMARY KEY (`id`)
) ENGINE=MyISAM  DEFAULT CHARSET=utf8 AUTO_INCREMENT=27 ;

--
-- Dumping data for table `settings`
--

INSERT INTO `settings` (`id`, `entity`, `parameter`, `value`, `description`) VALUES
(1, 'ticket', 'template', '<html><table face="Arial" width="6.5cm" height="6cm"><tr><th colspan="2" class="organization-name" style="font-size:6px; text-align:center;">{organization.name}\n</th></tr><tr><td style="font-size:6px; text-align:center;">{ticket.numheader}</td><td style="font-size:6px; text-align:center;">{ticket.regheader}</td></tr><tr><td rowspan="3" style="font-size:16px; text-align:center; font-weight:600;" class="ticket-number">{ticket.prefix} {ticket.number}</td><td style="font-size:6px; text-align:center; font-weight:600;">{ticket.created}</td></tr><tr><td style="font-size:6px; text-align:center;">{ticket.bookheader}</td></tr><tr><td style="font-size:6px; text-align:center; font-weight:600;">{ticket.notbefore}</td></tr><tr><td style="font-size:6px; text-align:center;">{ticket.callheader}</td><td style="font-size:6px; text-align:center;">{ticket.visheader}</td></tr><tr><td style="font-size:6px; text-align:center; font-weight:600;">{organization.callcenter}</td><td style="font-size:6px; text-align:center; font-weight:600;">{ticket.visitor}</td></tr><tr><td colspan="2" style="font-size:6px; text-align:center;">{ticket.sitheader}</td></tr><tr><td colspan="2" style="font-size:6px; text-align:center;">{ticket.situation}</td></tr><tr><td colspan="2" style="font-size:6px; text-align:center;">{ticket.booknote}</td></tr><tr><td colspan="2" style="font-size:6px; text-align:center;">{ticket.pincode}</td></tr></table></html>', 'Шаблон талона'),
(15, 'ticket', 'notbefore', '[ticket_not_before]', 'Дата брони'),
(13, 'ticket', 'situation', '[situation_name]', 'Имя ЖС'),
(6, 'ticket', 'numheader', 'Номер очереди', 'Номер очереди (заголовок)'),
(5, 'ticket', 'callheader', 'Контакт-центр', 'Телефон (заголовок)'),
(3, 'organization', 'name', 'Многофункциональный центр предоставления государственных и муниципальных услуг', 'Имя организации'),
(4, 'organization', 'callcenter', '42-42-42', 'Телефон'),
(7, 'ticket', 'regheader', 'Дата регистрации', 'Дата регистрации (заголовок)'),
(8, 'ticket', 'bookheader', 'Дата явки', 'Дата явки (заголовок)'),
(9, 'ticket', 'prefix', '[ticket_prefix]', 'Префикс талона'),
(10, 'ticket', 'number', '[ticket_number]', 'Номер талона'),
(11, 'ticket', 'pincode', '[ticket_pincode]', 'Пинкод талона'),
(12, 'ticket', 'created', '[ticket_created_readable]', 'Дата создания талона'),
(14, 'ticket', 'sitheader', 'Жизненная ситуация', 'Жизненная ситуация (заголовок)'),
(16, 'ticket', 'visitor', '[ticket_visitor]', 'Имя посетителя'),
(17, 'ticket', 'visheader', 'Посетитель', 'Посетитель (заголовок)'),
(18, 'ticket', 'booknote', '[ticket_booknote]', 'Дополнительная информация о бронировании'),
(19, 'kioskmenu_expanded', '6725c853-9a71-4310-8880-33a26f373297', 'true', 'Многоуровневое меню киоска'),
(20, 'kioskmenu_expanded', '0e595b15-5c90-48ab-a5be-9461ce0ce274', 'true', 'Многоуровневое меню киоска'),
(22, 'plasma', 'marquee', 'Время работы МФЦ 30 декабря - с 08:00 до 17:00', 'Бегущая строка'),
(26, 'plasma', 'marquee', 'Время приема старшего инспектора ГИБДД 11.02.2015 с 10-00 до 14-00', 'Бегущая строка');

-- --------------------------------------------------------

--
-- Table structure for table `settings_entities`
--

CREATE TABLE `settings_entities` (
  `entity` varchar(40) NOT NULL,
  `description` char(40) NOT NULL,
  `sys` tinyint(1) NOT NULL DEFAULT '0',
  UNIQUE KEY `entity` (`entity`)
) ENGINE=MyISAM DEFAULT CHARSET=utf8;

--
-- Dumping data for table `settings_entities`
--

INSERT INTO `settings_entities` (`entity`, `description`, `sys`) VALUES
('ticket', 'Талон', 1),
('organization', 'Организация', 1),
('kioskmenu_expanded', 'Расширенное меню киоска', 1),
('plasma', 'Плазма', 1);

-- --------------------------------------------------------

--
-- Table structure for table `shedule`
--

CREATE TABLE `shedule` (
  `shedule_id` int(10) NOT NULL AUTO_INCREMENT,
  `shedule_type` int(10) NOT NULL,
  `bid` char(40) NOT NULL,
  `weekday` int(1) DEFAULT NULL,
  `monthday` int(2) DEFAULT NULL,
  `begin` char(5) NOT NULL,
  `end` char(5) NOT NULL,
  PRIMARY KEY (`shedule_id`),
  UNIQUE KEY `shedule_id` (`shedule_id`),
  KEY `bid` (`bid`)
) ENGINE=MyISAM  DEFAULT CHARSET=utf8 AUTO_INCREMENT=17 ;

--
-- Dumping data for table `shedule`
--

INSERT INTO `shedule` (`shedule_id`, `shedule_type`, `bid`, `weekday`, `monthday`, `begin`, `end`) VALUES
(1, 1, '105BB2DB-0D6D-B86A-9007-5B082FF4B53D', 5, NULL, '10:00', '15:00'),
(2, 2, '105BB2DB-0D6D-B86A-9007-5B082FF4B53D', 3, NULL, '14:00', '18:30'),
(3, 1, '105BB2DB-0D6D-B86A-9007-5B082FF4B53D', 1, NULL, '10:00', '19:00'),
(4, 2, '105BB2DB-0D6D-B86A-9007-5B082FF4B53D', 1, NULL, '14:00', '15:00'),
(5, 1, '105BB2DB-0D6D-B86A-9007-5B082FF4B53D', 2, NULL, '10:00', '19:00'),
(6, 2, '105BB2DB-0D6D-B86A-9007-5B082FF4B53D', 2, NULL, '15:00', '16:00'),
(7, 1, '105BB2DB-0D6D-B86A-9007-5B082FF4B53D', 4, NULL, '10:00', '19:00'),
(8, 2, '105BB2DB-0D6D-B86A-9007-5B082FF4B53D', 4, NULL, '15:00', '16:00'),
(9, 1, '105BB2DB-0D6D-B86A-9007-5B082FF4B53D', 3, NULL, '10:00', '19:00'),
(10, 1, '105BB2DB-0D6D-B86A-9007-5B082FF4B53D', 1, NULL, '10:45', '18:30'),
(11, 2, '105BB2DB-0D6D-B86A-9007-5B082FF4B53D', 1, NULL, '14:00', '15:00'),
(12, 1, '51E36F6E-618F-8CE7-858E-32E85259BCCF', 5, NULL, '10:00', '15:00'),
(13, 2, '105BB2DB-0D6D-B86A-9007-5B082FF4B53D', 0, NULL, '15:00', '16:00'),
(14, 1, '105BB2DB-0D6D-B86A-9007-5B082FF4B53D', 0, NULL, '10:00', '19:00'),
(15, 2, '105BB2DB-0D6D-B86A-9007-5B082FF4B53D', 6, NULL, '15:00', '16:00'),
(16, 1, '105BB2DB-0D6D-B86A-9007-5B082FF4B53D', 6, NULL, '10:00', '19:00');

-- --------------------------------------------------------

--
-- Table structure for table `shedule_types`
--

CREATE TABLE `shedule_types` (
  `type_id` int(10) NOT NULL AUTO_INCREMENT,
  `type_name` char(255) NOT NULL,
  `type_description` char(255) DEFAULT NULL,
  `type_operable` tinyint(1) NOT NULL DEFAULT '1',
  PRIMARY KEY (`type_id`),
  UNIQUE KEY `type_id` (`type_id`)
) ENGINE=MyISAM  DEFAULT CHARSET=utf8 AUTO_INCREMENT=9 ;

--
-- Dumping data for table `shedule_types`
--

INSERT INTO `shedule_types` (`type_id`, `type_name`, `type_description`, `type_operable`) VALUES
(1, 'Время работы', 'Режим работы "с - по"  без учета перерывов', 1),
(3, 'Технический перерыв', 'Перерыв, предусмотренный на решение организационных вопросов', 0),
(5, 'Начало рабочего дня', 'Начало рабочего дня сотрудника', 1),
(6, 'Рабочий день окончен', 'Окончание рабочего дня сотрудника', 0);

-- --------------------------------------------------------

--
-- Table structure for table `survey`
--

CREATE TABLE `survey` (
  `id` char(40) NOT NULL,
  `is_multi_answers` tinyint(1) NOT NULL,
  `question` char(128) NOT NULL,
  UNIQUE KEY `id` (`id`)
) ENGINE=MyISAM DEFAULT CHARSET=utf8;

-- --------------------------------------------------------

--
-- Table structure for table `survey_answers`
--

CREATE TABLE `survey_answers` (
  `id` char(40) NOT NULL,
  `answer` char(128) NOT NULL,
  UNIQUE KEY `id` (`id`)
) ENGINE=MyISAM DEFAULT CHARSET=utf8;

-- --------------------------------------------------------

--
-- Table structure for table `tickets`
--

CREATE TABLE `tickets` (
  `id` char(40) NOT NULL,
  `created` int(12) NOT NULL,
  `pincode` varchar(14) NOT NULL,
  `prefix` varchar(6) DEFAULT NULL,
  `number` int(6) NOT NULL,
  `not_before` int(12) NOT NULL,
  `visitor` char(60) DEFAULT NULL,
  UNIQUE KEY `id` (`id`)
) ENGINE=MyISAM DEFAULT CHARSET=utf8;

--
-- Dumping data for table `tickets`
--

INSERT INTO `tickets` (`id`, `created`, `pincode`, `prefix`, `number`, `not_before`, `visitor`) VALUES
('A2F7FFED-FAFE-7689-469F-05B9F94FEE04', 1423166300, '415871', 'СХ', 39, 0, ''),
('9B417B34-A0D1-22F0-51EC-C2057EDB1D30', 1423165789, '584856', 'СХ', 38, 0, ''),
('19805C4B-4DB6-C923-2B91-17B3F47DFA7F', 1423165785, '845498', 'СХ', 2, 1423296420, 'ОИ'),
('3ED99865-7F1C-9E51-9298-79F7B0CA72B5', 1423165774, '414139', 'СХ', 1, 1423296420, 'ГО'),
('03B710CF-E2C2-4CF1-763A-547B6EE8FBE5', 1423165761, '940701', 'СХ', 24, 1423214340, 'Н'),
('81A60894-2BAB-90BE-99B2-E8DAA7105567', 1423164472, '706943', 'СХ', 37, 1423152600, 'Л'),
('15811004-EF60-9261-4CD9-809D9C6FA2AF', 1423164058, '405535', 'СХ', 36, 1423123200, 'Л'),
('550E2A1B-2800-8C3E-FCCD-05C4162594CF', 1423164050, '755936', 'СХ', 35, 0, ''),
('A6F12D3B-8E1D-E097-8C94-7E062C3CB1ED', 1423163789, '246243', 'СХ', 34, 1423123200, 'РА'),
('69D3B0F4-BFF9-4A6C-7A21-70279ACFDF2F', 1423163709, '406689', 'СХ', 33, 1423123200, 'Ш'),
('DE3A5AEE-9263-B632-08EA-A4EB7D2B5244', 1423163699, '907666', 'СХ', 32, 0, ''),
('6D80E250-F584-916C-802D-01F613EEDB94', 1423163595, '739402', 'СХ', 31, 0, ''),
('E012F571-2CDF-CED1-DF8F-1357747CCAE0', 1423162962, '769571', 'СХ', 30, 1423123200, 'О'),
('3D063A66-DA6A-705E-0C4D-ABE1A54240D4', 1423162891, '294616', 'СХ', 29, 1423149420, 'О'),
('024D1316-E18A-5894-7763-F5CEC8628730', 1423162586, '142244', 'СХ', 28, 1423140360, 'НРО'),
('16C42D01-6057-5823-2A78-99294E559914', 1423162563, '201493', 'СХ', 27, 0, ''),
('F2470B67-CA5B-DCD8-BDA8-120CD87723B8', 1423162356, '866711', 'СХ', 26, 0, ''),
('791CADC1-0D80-05FF-0427-E671DD811F42', 1423151245, '608428', 'СХ', 25, 0, ''),
('A5E45818-4A17-7583-0144-668F2905E676', 1423151199, '206007', 'СХ', 24, 0, ''),
('115DDB8C-302C-E3D2-49DB-4BA60F54EFC7', 1423150664, '903936', 'СХ', 23, 1423199520, 'ОИТЬЮРГУМАЗЗДУУМ'),
('E6684A0B-D329-4265-6674-0D227B742611', 1423150515, '570294', 'СХ', 22, 0, ''),
('04094E01-85B9-759E-FB3A-BB65D2CA3887', 1423150507, '248420', 'СХ', 21, 0, ''),
('87483124-ACE7-FC1E-3C0E-0B4C1B62E159', 1423150503, '545940', 'СХ', 20, 0, ''),
('B3CEB3F7-DF2D-36A6-3E28-765AD53735C1', 1423150499, '353665', 'СХ', 19, 0, ''),
('94A2F719-B523-10F1-E970-EC9B1AE82E0A', 1423150496, '278053', 'СХ', 18, 0, ''),
('1BA7D0A7-C039-8089-DF53-3111B14AA11A', 1423150488, '732794', 'СХ', 17, 0, ''),
('6308C66B-D105-DD12-D64B-350CFB070C78', 1423150481, '770589', 'СХ', 16, 0, ''),
('0FCED21A-4526-C477-6A9D-1B99CB4E3E2E', 1423143296, '299833', 'СХ', 15, 1423120020, 'РИИ'),
('7E108B60-FADD-DA07-ED2B-86D84E74C520', 1423143279, '339873', 'СХ', 14, 0, ''),
('6169EE80-D35A-E4C2-6AD3-D63C26A5399B', 1423142841, '205062', 'СХ', 13, 1423137780, 'ШЩЗ'),
('0F46188D-F83E-D5F3-7860-CF628CA1F167', 1423142776, '563449', 'СХ', 12, 1423139520, 'РОЛЛ'),
('A1A41083-D952-C640-64C0-FB2CF42B62E8', 1423142753, '932637', 'СХ', 11, 0, ''),
('495C8ADB-763D-B47A-74FA-C5E8B00A1287', 1423142748, '695644', 'СХ', 10, 0, ''),
('DF964F19-B9C4-A748-6373-B57F82F8959B', 1423138825, '338571', 'СХ', 9, 1423136220, 'МАСАЛА БАКАРРА'),
('54728AE9-4186-18FF-E21B-664404BB8331', 1423137678, '447827', 'СХ', 8, 1423134300, 'РОТ ТИМ'),
('D9BC09B4-F0E5-7ED3-A9B9-5CF6BB87133B', 1423127713, '20150205-2518', 'СХ', 6, 0, ''),
('83832ED8-E9D8-B028-4DB4-0EF245E42F5C', 1423127104, '20150205-7344', 'СХ', 5, 1423123500, 'КРЮК'),
('66677F27-7212-D7F2-5B0C-1232CC2C3942', 1423126636, '20150205-6429', 'СХ', 4, 1423116600, 'Г'),
('FF8D9744-1FEF-4F9A-53E0-FCA5CACA0E11', 1423126611, '20150205-5453', 'СХ', 3, 0, ''),
('B8CC8B43-5BA9-C3B1-9F02-4F01B283F2CF', 1423126328, '20150205-5626', '', 12, 0, ''),
('FC8531C4-EA9B-6F95-C651-024E9D1D5F23', 1423126320, '20150205-2548', 'СХ', 2, 0, ''),
('758598F8-710E-ACF7-6F3A-DC3578CFA67F', 1423126313, '20150205-9593', '', 11, 1423119600, ' ИР'),
('5BE27318-59DA-A288-4A99-F6D53530D201', 1423126283, '20150205-2012', '', 10, 1423123080, '7Н'),
('CDDCA397-3B62-7FBF-4C89-99025D0A692F', 1423137376, '319827', 'СХ', 7, 1423133880, 'МИР'),
('2A69A1D7-94F1-A914-CEE0-E56B061D5926', 1423126160, '20150205-3805', '', 9, 1423199040, 'О'),
('0EDDE4C2-708E-2A16-1E14-801CF366DC39', 1423125932, '201502', '', 8, 1423281600, 'МР'),
('A6985B01-E2B3-F6B0-3102-17B245D9DDA5', 1423125798, '20150205-5050', '', 7, 0, ''),
('07A8D690-510F-7A80-A276-F5802AE16282', 1423125789, '20150205-3446', '', 6, 1423197480, 'Р'),
('C51605B3-B3EB-2F99-9FAB-A5D2B4649AFD', 1423125778, '20150205-1432', '', 5, 1423198620, 'Ш'),
('DA39074A-3F45-F434-3791-7569AAB263BA', 1423125768, '20150205-7996', 'СХ', 1, 0, ''),
('2CE4481C-2021-9221-73E3-228607308AC7', 1423123859, '20150205-1053', '', 4, 1423198200, 'ОР'),
('DB2EFC40-AA25-E7E0-F3E7-F30FD757F475', 1423123721, '20150205-2509', '', 3, 1423197780, 'Г'),
('79004625-9799-F282-CC07-584E6C71ECA2', 1423121696, '20150205-2101', '', 2, 1423197360, 'ИТ'),
('5270FA02-1F39-6FA4-92FC-05B19AA56052', 1423121183, '20150205-6550', '', 1, 1423196880, 'Н'),
('A2D4C344-E807-AD27-9F7B-4648BDB74FB2', 1423082649, '20150205-8718', '', 1, 1423196460, 'ЛО'),
('75C22EB4-0A80-2526-ADAC-4783A122310C', 1423082614, '20150205-2171', '', 1, 1423196040, 'ГР'),
('3D5898ED-69F2-4AF2-D646-C77A39AB17E0', 1423082387, '20150205-4481', '', 1, 1423195620, 'РОЛЛ КАЛИФОРНИЯ'),
('1DDE6F8D-8D7B-D088-54B8-A126E8A5CF9A', 1423081492, '20150205-8684', 'СХ', 1, 0, ''),
('4C6A0F98-5BC2-B203-AEE8-2ECB2D523BE0', 1423081488, '20150205-2789', 'ФД', 1, 0, ''),
('5C2FB5E5-30B3-7791-124D-8F9DAC347EEE', 1423081481, '20150205-3492', '', 1, 1423195200, 'РЛС МБРК'),
('3813046D-0D6B-285C-569E-D6CD725274DD', 1422876736, '20150202-4291', '', 1, 1423116120, 'ПАРХОМЕНКО'),
('1349759D-6C48-22C4-239F-BF8B499A76E3', 1422829572, '20150202-4298', 'ФД', 1, 0, ''),
('D2AD3BB4-FB52-14EF-F268-AB6DEED01987', 1422829566, '20150202-4424', 'СХ', 1, 0, ''),
('F4649DDD-61B5-CDFA-FAF0-6B2603E153C2', 1422827728, '20150202-8469', '', 1, 1422849600, 'И'),
('C74E71A5-4254-5C57-8EB7-905FF7AD382D', 1422827650, '20150202-5223', '', 1, 1422854340, 'ТЬ'),
('22733149-BD30-4920-AAFF-63561E8283E2', 1422827620, '20150202-8022', '', 1, 1422852600, 'Т'),
('D4F1A7FA-338B-D09D-C247-208E0D15EF0D', 1422827601, '20150202-8987', '', 1, 1422852180, 'Т'),
('5BCB65D0-57FE-12C9-2A34-C4DFA3FE82A8', 1422827573, '20150202-4072', '', 1, 1422852000, ''),
('385B2441-5C18-2E3F-CD55-43D276F8E672', 1422827557, '20150202-7983', '', 1, 1422851640, 'Г'),
('D80B3D16-98C5-99B3-93E9-2D3F4752B955', 1422827516, '20150202-3480', '', 1, 1422851400, 'Л'),
('95CCD633-66C3-04AC-B5CB-31FB5E510203', 1422827490, '20150202-3017', '', 1, 1422850680, 'Т'),
('E77A73AD-781B-9D47-21A7-0556B8149ECF', 1422827473, '20150202-1978', '', 1, 1422850320, 'Р'),
('F031EA73-FEA9-0A3C-EF1B-B05A1B2B2512', 1422827457, '20150202-9104', '', 1, 1422850080, 'О'),
('BC58F8C0-ECDE-BB6B-EB79-6B331EDE433A', 1422826303, '20150202-2801', '', 1, 1422849600, 'Н'),
('2BCD0EEC-1C8B-CD19-423F-7E34F457BBDD', 1422810892, '20150201-2876', '', 10, 1422864180, 'Г'),
('3EC75825-23D2-060B-5755-8A00D3AE0D4D', 1422810879, '20150201-8376', '', 9, 1422860400, 'Е'),
('694041A6-61CF-715B-590A-52FEAC937142', 1422810866, '20150201-4862', '', 8, 1422856920, 'Щ'),
('2FC732D4-EB41-84A7-F632-A3EC114A0DFE', 1422810854, '20150201-9452', '', 7, 1422853320, 'О'),
('51493F83-92B0-FDD1-F2A6-5F55E29FEE77', 1422810841, '20150201-6710', '', 6, 1422850860, 'Р'),
('DB51D95B-9E03-E480-CB5A-C68FF8C6A978', 1422810824, '20150201-8678', '', 5, 1422849600, 'П'),
('C93531C0-D93D-E572-D838-678CE06C1722', 1422809315, '20150201-4298', '', 4, 1422763620, 'ЯН'),
('663113F4-50BE-2982-E345-3CF43FC30D78', 1422792609, '20150201-3133', '', 3, 1422767520, 'П'),
('E5379627-1742-79BC-C440-8E4B1B415AC9', 1422791445, '20150201-3310', '', 2, 1422767040, 'ЕВА ЛОНГОРИЯ'),
('AE942775-5003-BDF1-2046-6BA76D911AC3', 1422788289, '20150201-1915', '', 1, 1422853320, 'ЕВА ЛОНГОРИЯ'),
('BD7B6FE7-9630-F67E-C5CD-91EE4E2BEC3C', 1422647054, '20150130-3032', '', 3, 1422602160, 'ГУСТАВ БОЛИВАР'),
('D1439712-E244-F2E0-E02C-D8AA6B6C3A04', 1422638667, '20150130-4048', '', 2, 1422597600, 'ИОТ'),
('211579C0-04ED-B104-87E7-0DF5CDF85539', 1422638598, '20150130-7109', '', 1, 0, ''),
('5EE5E294-E225-FBD2-F3D6-3F58B090868D', 1422638585, '20150130-2648', 'ФД', 1, 0, ''),
('E943406D-0267-FD5E-B099-E02C22449FA4', 1422272053, '20150126-3997', 'ФД', 1, 0, ''),
('5658BE8A-02DE-F2AF-F8B9-C5F83261BB38', 1422272061, '20150126-3279', 'СХ', 1, 0, ''),
('F8306007-B5FB-F953-DF28-F5FBF534876D', 1423175796, '635717', 'СХ', 40, 0, ''),
('7A4AFF19-702E-7CAB-E625-CED57A22028E', 1423652780, '204589', 'СХ', 1, 1423653240, 'Т');

-- --------------------------------------------------------

--
-- Table structure for table `ticket_actions`
--

CREATE TABLE `ticket_actions` (
  `id` int(10) NOT NULL AUTO_INCREMENT,
  `tid` char(40) NOT NULL,
  `cid` char(40) DEFAULT NULL,
  `uid` char(40) DEFAULT NULL,
  `action_id` char(4) NOT NULL,
  `action_time` int(14) NOT NULL,
  PRIMARY KEY (`id`),
  UNIQUE KEY `id` (`id`),
  KEY `action_time` (`action_time`),
  FULLTEXT KEY `tid` (`tid`),
  FULLTEXT KEY `cid` (`cid`),
  FULLTEXT KEY `uid` (`uid`),
  FULLTEXT KEY `uid_2` (`uid`)
) ENGINE=MyISAM  DEFAULT CHARSET=utf8 AUTO_INCREMENT=332 ;

--
-- Dumping data for table `ticket_actions`
--

INSERT INTO `ticket_actions` (`id`, `tid`, `cid`, `uid`, `action_id`, `action_time`) VALUES
(278, '0FCED21A-4526-C477-6A9D-1B99CB4E3E2E', '5BCF323B-AD5C-8901-D2CB-39A883A12820', '43F94D79-8DFD-6856-8DA0-B9ADAB454D4B', 'WAIT', 1423164420),
(277, '7E108B60-FADD-DA07-ED2B-86D84E74C520', '5BCF323B-AD5C-8901-D2CB-39A883A12820', '43F94D79-8DFD-6856-8DA0-B9ADAB454D4B', 'REFD', 1423164420),
(276, '7E108B60-FADD-DA07-ED2B-86D84E74C520', '5BCF323B-AD5C-8901-D2CB-39A883A12820', '43F94D79-8DFD-6856-8DA0-B9ADAB454D4B', 'WAIT', 1423164418),
(275, '6169EE80-D35A-E4C2-6AD3-D63C26A5399B', '5BCF323B-AD5C-8901-D2CB-39A883A12820', '43F94D79-8DFD-6856-8DA0-B9ADAB454D4B', 'REFD', 1423164415),
(274, '6169EE80-D35A-E4C2-6AD3-D63C26A5399B', '5BCF323B-AD5C-8901-D2CB-39A883A12820', '43F94D79-8DFD-6856-8DA0-B9ADAB454D4B', 'WAIT', 1423164414),
(273, '0F46188D-F83E-D5F3-7860-CF628CA1F167', '5BCF323B-AD5C-8901-D2CB-39A883A12820', '43F94D79-8DFD-6856-8DA0-B9ADAB454D4B', 'REFD', 1423164414),
(272, '0F46188D-F83E-D5F3-7860-CF628CA1F167', '5BCF323B-AD5C-8901-D2CB-39A883A12820', '43F94D79-8DFD-6856-8DA0-B9ADAB454D4B', 'WAIT', 1423164412),
(271, 'A1A41083-D952-C640-64C0-FB2CF42B62E8', '5BCF323B-AD5C-8901-D2CB-39A883A12820', '43F94D79-8DFD-6856-8DA0-B9ADAB454D4B', 'REFD', 1423164411),
(270, 'A1A41083-D952-C640-64C0-FB2CF42B62E8', '5BCF323B-AD5C-8901-D2CB-39A883A12820', '43F94D79-8DFD-6856-8DA0-B9ADAB454D4B', 'WAIT', 1423164409),
(269, '495C8ADB-763D-B47A-74FA-C5E8B00A1287', '5BCF323B-AD5C-8901-D2CB-39A883A12820', '43F94D79-8DFD-6856-8DA0-B9ADAB454D4B', 'CANC', 1423164407),
(268, '495C8ADB-763D-B47A-74FA-C5E8B00A1287', '5BCF323B-AD5C-8901-D2CB-39A883A12820', '43F94D79-8DFD-6856-8DA0-B9ADAB454D4B', 'PCSS', 1423164406),
(267, '495C8ADB-763D-B47A-74FA-C5E8B00A1287', '5BCF323B-AD5C-8901-D2CB-39A883A12820', '43F94D79-8DFD-6856-8DA0-B9ADAB454D4B', 'WAIT', 1423164404),
(266, '54728AE9-4186-18FF-E21B-664404BB8331', '5BCF323B-AD5C-8901-D2CB-39A883A12820', '43F94D79-8DFD-6856-8DA0-B9ADAB454D4B', 'CANC', 1423164402),
(265, '54728AE9-4186-18FF-E21B-664404BB8331', '5BCF323B-AD5C-8901-D2CB-39A883A12820', '43F94D79-8DFD-6856-8DA0-B9ADAB454D4B', 'PCSS', 1423164401),
(264, '54728AE9-4186-18FF-E21B-664404BB8331', '5BCF323B-AD5C-8901-D2CB-39A883A12820', '43F94D79-8DFD-6856-8DA0-B9ADAB454D4B', 'WAIT', 1423164398),
(263, '15811004-EF60-9261-4CD9-809D9C6FA2AF', '', '', 'RSTR', 1423164258),
(262, '15811004-EF60-9261-4CD9-809D9C6FA2AF', '', '', 'BOOK', 1423164058),
(261, '550E2A1B-2800-8C3E-FCCD-05C4162594CF', '', '', 'RSTR', 1423164050),
(260, 'A6F12D3B-8E1D-E097-8C94-7E062C3CB1ED', '', '', 'BOOK', 1423163789),
(259, '69D3B0F4-BFF9-4A6C-7A21-70279ACFDF2F', '', '', 'BOOK', 1423163709),
(258, 'DE3A5AEE-9263-B632-08EA-A4EB7D2B5244', '', '', 'RSTR', 1423163699),
(257, '6D80E250-F584-916C-802D-01F613EEDB94', '', '', 'RSTR', 1423163595),
(256, 'E012F571-2CDF-CED1-DF8F-1357747CCAE0', '', '', 'BOOK', 1423162962),
(255, '3D063A66-DA6A-705E-0C4D-ABE1A54240D4', '', '', 'BOOK', 1423162891),
(254, '024D1316-E18A-5894-7763-F5CEC8628730', '', '', 'BOOK', 1423162586),
(253, '16C42D01-6057-5823-2A78-99294E559914', '', '', 'RSTR', 1423162563),
(252, 'F2470B67-CA5B-DCD8-BDA8-120CD87723B8', '', '', 'RSTR', 1423151556),
(251, '791CADC1-0D80-05FF-0427-E671DD811F42', '', '', 'RSTR', 1423151245),
(250, 'A5E45818-4A17-7583-0144-668F2905E676', '', '', 'RSTR', 1423151199),
(249, '115DDB8C-302C-E3D2-49DB-4BA60F54EFC7', '', '', 'BOOK', 1423150664),
(248, 'E6684A0B-D329-4265-6674-0D227B742611', '', '', 'RSTR', 1423150515),
(247, '04094E01-85B9-759E-FB3A-BB65D2CA3887', '', '', 'RSTR', 1423150507),
(246, '87483124-ACE7-FC1E-3C0E-0B4C1B62E159', '', '', 'RSTR', 1423150503),
(245, 'B3CEB3F7-DF2D-36A6-3E28-765AD53735C1', '', '', 'RSTR', 1423150499),
(244, '94A2F719-B523-10F1-E970-EC9B1AE82E0A', '', '', 'RSTR', 1423150496),
(243, '1BA7D0A7-C039-8089-DF53-3111B14AA11A', '', '', 'RSTR', 1423150488),
(242, '6308C66B-D105-DD12-D64B-350CFB070C78', '', '', 'RSTR', 1423150481),
(241, '6169EE80-D35A-E4C2-6AD3-D63C26A5399B', '', '', 'RSTR', 1423150448),
(240, '0FCED21A-4526-C477-6A9D-1B99CB4E3E2E', '', '', 'RSTR', 1423143308),
(239, '0FCED21A-4526-C477-6A9D-1B99CB4E3E2E', '', '', 'BOOK', 1423143296),
(238, '7E108B60-FADD-DA07-ED2B-86D84E74C520', '', '', 'RSTR', 1423143279),
(237, '6169EE80-D35A-E4C2-6AD3-D63C26A5399B', '', '', 'RSTR', 1423142876),
(236, '6169EE80-D35A-E4C2-6AD3-D63C26A5399B', '', '', 'BOOK', 1423142841),
(235, '0F46188D-F83E-D5F3-7860-CF628CA1F167', '', '', 'RSTR', 1423142812),
(234, '0F46188D-F83E-D5F3-7860-CF628CA1F167', '', '', 'BOOK', 1423142776),
(233, 'A1A41083-D952-C640-64C0-FB2CF42B62E8', '', '', 'RSTR', 1423142753),
(232, '495C8ADB-763D-B47A-74FA-C5E8B00A1287', '', '', 'RSTR', 1423142748),
(231, 'DF964F19-B9C4-A748-6373-B57F82F8959B', '', '', 'BOOK', 1423138825),
(230, '54728AE9-4186-18FF-E21B-664404BB8331', '', '', 'RSTR', 1423138789),
(229, '54728AE9-4186-18FF-E21B-664404BB8331', '', '', 'RSTR', 1423138585),
(228, '54728AE9-4186-18FF-E21B-664404BB8331', '', '', 'RSTR', 1423138554),
(227, '54728AE9-4186-18FF-E21B-664404BB8331', '', '', 'RSTR', 1423138045),
(226, 'CDDCA397-3B62-7FBF-4C89-99025D0A692F', '5BCF323B-AD5C-8901-D2CB-39A883A12820', '43F94D79-8DFD-6856-8DA0-B9ADAB454D4B', 'CANC', 1423137986),
(225, 'CDDCA397-3B62-7FBF-4C89-99025D0A692F', '5BCF323B-AD5C-8901-D2CB-39A883A12820', '43F94D79-8DFD-6856-8DA0-B9ADAB454D4B', 'PCSS', 1423137983),
(224, 'CDDCA397-3B62-7FBF-4C89-99025D0A692F', '5BCF323B-AD5C-8901-D2CB-39A883A12820', '43F94D79-8DFD-6856-8DA0-B9ADAB454D4B', 'WAIT', 1423137979),
(223, '54728AE9-4186-18FF-E21B-664404BB8331', '', '', 'RSTR', 1423137756),
(222, '54728AE9-4186-18FF-E21B-664404BB8331', '', '', 'RSTR', 1423137714),
(221, '54728AE9-4186-18FF-E21B-664404BB8331', '', '', 'BOOK', 1423137678),
(220, 'CDDCA397-3B62-7FBF-4C89-99025D0A692F', '', '', 'RSTR', 1423137478),
(219, 'CDDCA397-3B62-7FBF-4C89-99025D0A692F', '', '', 'BOOK', 1423137376),
(218, 'D9BC09B4-F0E5-7ED3-A9B9-5CF6BB87133B', '5BCF323B-AD5C-8901-D2CB-39A883A12820', '43F94D79-8DFD-6856-8DA0-B9ADAB454D4B', 'REFD', 1423137328),
(217, 'D9BC09B4-F0E5-7ED3-A9B9-5CF6BB87133B', '5BCF323B-AD5C-8901-D2CB-39A883A12820', '43F94D79-8DFD-6856-8DA0-B9ADAB454D4B', 'WAIT', 1423137327),
(216, 'D9BC09B4-F0E5-7ED3-A9B9-5CF6BB87133B', '5BCF323B-AD5C-8901-D2CB-39A883A12820', '43F94D79-8DFD-6856-8DA0-B9ADAB454D4B', 'WAIT', 1423137325),
(215, 'FF8D9744-1FEF-4F9A-53E0-FCA5CACA0E11', '5BCF323B-AD5C-8901-D2CB-39A883A12820', '43F94D79-8DFD-6856-8DA0-B9ADAB454D4B', 'CANC', 1423137323),
(214, 'FF8D9744-1FEF-4F9A-53E0-FCA5CACA0E11', '5BCF323B-AD5C-8901-D2CB-39A883A12820', '43F94D79-8DFD-6856-8DA0-B9ADAB454D4B', 'PCSS', 1423137322),
(213, 'FF8D9744-1FEF-4F9A-53E0-FCA5CACA0E11', '5BCF323B-AD5C-8901-D2CB-39A883A12820', '43F94D79-8DFD-6856-8DA0-B9ADAB454D4B', 'WAIT', 1423137321),
(212, 'B8CC8B43-5BA9-C3B1-9F02-4F01B283F2CF', '5BCF323B-AD5C-8901-D2CB-39A883A12820', '43F94D79-8DFD-6856-8DA0-B9ADAB454D4B', 'CANC', 1423137318),
(211, 'B8CC8B43-5BA9-C3B1-9F02-4F01B283F2CF', '5BCF323B-AD5C-8901-D2CB-39A883A12820', '43F94D79-8DFD-6856-8DA0-B9ADAB454D4B', 'PCSS', 1423137317),
(210, 'B8CC8B43-5BA9-C3B1-9F02-4F01B283F2CF', '5BCF323B-AD5C-8901-D2CB-39A883A12820', '43F94D79-8DFD-6856-8DA0-B9ADAB454D4B', 'WAIT', 1423137316),
(209, 'FC8531C4-EA9B-6F95-C651-024E9D1D5F23', '5BCF323B-AD5C-8901-D2CB-39A883A12820', '43F94D79-8DFD-6856-8DA0-B9ADAB454D4B', 'CANC', 1423137314),
(208, 'FC8531C4-EA9B-6F95-C651-024E9D1D5F23', '5BCF323B-AD5C-8901-D2CB-39A883A12820', '43F94D79-8DFD-6856-8DA0-B9ADAB454D4B', 'PCSS', 1423137313),
(207, 'FC8531C4-EA9B-6F95-C651-024E9D1D5F23', '5BCF323B-AD5C-8901-D2CB-39A883A12820', '43F94D79-8DFD-6856-8DA0-B9ADAB454D4B', 'WAIT', 1423137312),
(206, 'A6985B01-E2B3-F6B0-3102-17B245D9DDA5', '5BCF323B-AD5C-8901-D2CB-39A883A12820', '43F94D79-8DFD-6856-8DA0-B9ADAB454D4B', 'CANC', 1423137310),
(205, 'A6985B01-E2B3-F6B0-3102-17B245D9DDA5', '5BCF323B-AD5C-8901-D2CB-39A883A12820', '43F94D79-8DFD-6856-8DA0-B9ADAB454D4B', 'PCSS', 1423137309),
(204, 'A6985B01-E2B3-F6B0-3102-17B245D9DDA5', '5BCF323B-AD5C-8901-D2CB-39A883A12820', '43F94D79-8DFD-6856-8DA0-B9ADAB454D4B', 'WAIT', 1423137308),
(203, '0EDDE4C2-708E-2A16-1E14-801CF366DC39', NULL, NULL, 'RSTR', 1423137275),
(202, 'DA39074A-3F45-F434-3791-7569AAB263BA', '5BCF323B-AD5C-8901-D2CB-39A883A12820', '43F94D79-8DFD-6856-8DA0-B9ADAB454D4B', 'REFD', 1423128910),
(201, 'DA39074A-3F45-F434-3791-7569AAB263BA', '5BCF323B-AD5C-8901-D2CB-39A883A12820', '43F94D79-8DFD-6856-8DA0-B9ADAB454D4B', 'WAIT', 1423128892),
(200, 'D9BC09B4-F0E5-7ED3-A9B9-5CF6BB87133B', '', '', 'RSTR', 1423127714),
(199, '83832ED8-E9D8-B028-4DB4-0EF245E42F5C', '', '', 'BOOK', 1423127104),
(198, '66677F27-7212-D7F2-5B0C-1232CC2C3942', '', '', 'BOOK', 1423126636),
(197, 'FF8D9744-1FEF-4F9A-53E0-FCA5CACA0E11', '', '', 'RSTR', 1423126611),
(196, 'B8CC8B43-5BA9-C3B1-9F02-4F01B283F2CF', '', '', 'RSTR', 1423126328),
(195, 'FC8531C4-EA9B-6F95-C651-024E9D1D5F23', '', '', 'RSTR', 1423126320),
(194, '758598F8-710E-ACF7-6F3A-DC3578CFA67F', '', '', 'BOOK', 1423126313),
(193, '5BE27318-59DA-A288-4A99-F6D53530D201', '', '', 'BOOK', 1423126283),
(192, '2A69A1D7-94F1-A914-CEE0-E56B061D5926', '', '', 'BOOK', 1423126160),
(191, '0EDDE4C2-708E-2A16-1E14-801CF366DC39', '', '', 'BOOK', 1423125932),
(190, 'A6985B01-E2B3-F6B0-3102-17B245D9DDA5', '', '', 'RSTR', 1423125798),
(189, '07A8D690-510F-7A80-A276-F5802AE16282', '', '', 'BOOK', 1423125789),
(188, 'C51605B3-B3EB-2F99-9FAB-A5D2B4649AFD', '', '', 'BOOK', 1423125778),
(187, 'DA39074A-3F45-F434-3791-7569AAB263BA', '', '', 'RSTR', 1423125768),
(186, '2CE4481C-2021-9221-73E3-228607308AC7', '', '', 'BOOK', 1423123859),
(185, 'DB2EFC40-AA25-E7E0-F3E7-F30FD757F475', '', '', 'BOOK', 1423123721),
(184, '79004625-9799-F282-CC07-584E6C71ECA2', '', '', 'BOOK', 1423121696),
(183, '5270FA02-1F39-6FA4-92FC-05B19AA56052', '', '', 'BOOK', 1423121183),
(182, 'A2D4C344-E807-AD27-9F7B-4648BDB74FB2', '', '', 'BOOK', 1423082649),
(181, '75C22EB4-0A80-2526-ADAC-4783A122310C', '', '', 'BOOK', 1423082614),
(180, '3D5898ED-69F2-4AF2-D646-C77A39AB17E0', '', '', 'BOOK', 1423082387),
(179, '1DDE6F8D-8D7B-D088-54B8-A126E8A5CF9A', '', '', 'RSTR', 1423081492),
(178, '4C6A0F98-5BC2-B203-AEE8-2ECB2D523BE0', '', '', 'RSTR', 1423081488),
(177, '5C2FB5E5-30B3-7791-124D-8F9DAC347EEE', '', '', 'BOOK', 1423081481),
(176, '3813046D-0D6B-285C-569E-D6CD725274DD', '', '', 'BOOK', 1422876736),
(175, '1349759D-6C48-22C4-239F-BF8B499A76E3', '', '', 'RSTR', 1422829572),
(174, 'D2AD3BB4-FB52-14EF-F268-AB6DEED01987', '', '', 'RSTR', 1422829567),
(173, 'F4649DDD-61B5-CDFA-FAF0-6B2603E153C2', '', '', 'BOOK', 1422827728),
(172, 'C74E71A5-4254-5C57-8EB7-905FF7AD382D', '', '', 'BOOK', 1422827651),
(171, '22733149-BD30-4920-AAFF-63561E8283E2', '', '', 'BOOK', 1422827620),
(170, 'D4F1A7FA-338B-D09D-C247-208E0D15EF0D', '', '', 'BOOK', 1422827601),
(169, '5BCB65D0-57FE-12C9-2A34-C4DFA3FE82A8', '', '', 'BOOK', 1422827573),
(168, '385B2441-5C18-2E3F-CD55-43D276F8E672', '', '', 'BOOK', 1422827557),
(167, 'D80B3D16-98C5-99B3-93E9-2D3F4752B955', '', '', 'BOOK', 1422827516),
(166, '95CCD633-66C3-04AC-B5CB-31FB5E510203', '', '', 'BOOK', 1422827490),
(165, 'E77A73AD-781B-9D47-21A7-0556B8149ECF', '', '', 'BOOK', 1422827473),
(164, 'F031EA73-FEA9-0A3C-EF1B-B05A1B2B2512', '', '', 'BOOK', 1422827457),
(163, 'BC58F8C0-ECDE-BB6B-EB79-6B331EDE433A', '', '', 'BOOK', 1422826303),
(162, '2BCD0EEC-1C8B-CD19-423F-7E34F457BBDD', '', '', 'BOOK', 1422810892),
(161, '3EC75825-23D2-060B-5755-8A00D3AE0D4D', '', '', 'BOOK', 1422810880),
(160, '694041A6-61CF-715B-590A-52FEAC937142', '', '', 'BOOK', 1422810866),
(159, '2FC732D4-EB41-84A7-F632-A3EC114A0DFE', '', '', 'BOOK', 1422810854),
(158, '51493F83-92B0-FDD1-F2A6-5F55E29FEE77', '', '', 'BOOK', 1422810841),
(157, 'DB51D95B-9E03-E480-CB5A-C68FF8C6A978', '', '', 'BOOK', 1422810824),
(156, 'C93531C0-D93D-E572-D838-678CE06C1722', '', '', 'BOOK', 1422809315),
(155, '663113F4-50BE-2982-E345-3CF43FC30D78', '', '', 'BOOK', 1422792609),
(154, 'E5379627-1742-79BC-C440-8E4B1B415AC9', '', '', 'BOOK', 1422791445),
(153, 'AE942775-5003-BDF1-2046-6BA76D911AC3', '', '', 'BOOK', 1422788289),
(152, 'BD7B6FE7-9630-F67E-C5CD-91EE4E2BEC3C', '', '', 'BOOK', 1422647054),
(151, 'D1439712-E244-F2E0-E02C-D8AA6B6C3A04', '', '', 'BOOK', 1422638667),
(150, '211579C0-04ED-B104-87E7-0DF5CDF85539', '', '', 'RSTR', 1422638598),
(149, '5EE5E294-E225-FBD2-F3D6-3F58B090868D', '', '', 'RSTR', 1422638586),
(148, '5658BE8A-02DE-F2AF-F8B9-C5F83261BB38', '5BCF323B-AD5C-8901-D2CB-39A883A12820', '43F94D79-8DFD-6856-8DA0-B9ADAB454D4B', 'CANC', 1422272102),
(147, '5658BE8A-02DE-F2AF-F8B9-C5F83261BB38', '5BCF323B-AD5C-8901-D2CB-39A883A12820', '43F94D79-8DFD-6856-8DA0-B9ADAB454D4B', 'CANC', 1422272098),
(146, '5658BE8A-02DE-F2AF-F8B9-C5F83261BB38', '5BCF323B-AD5C-8901-D2CB-39A883A12820', '43F94D79-8DFD-6856-8DA0-B9ADAB454D4B', 'PCSS', 1422272098),
(145, '5658BE8A-02DE-F2AF-F8B9-C5F83261BB38', '5BCF323B-AD5C-8901-D2CB-39A883A12820', '43F94D79-8DFD-6856-8DA0-B9ADAB454D4B', 'WAIT', 1422272097),
(144, 'E943406D-0267-FD5E-B099-E02C22449FA4', '5BCF323B-AD5C-8901-D2CB-39A883A12820', '43F94D79-8DFD-6856-8DA0-B9ADAB454D4B', 'CANC', 1422272095),
(143, 'E943406D-0267-FD5E-B099-E02C22449FA4', '5BCF323B-AD5C-8901-D2CB-39A883A12820', '43F94D79-8DFD-6856-8DA0-B9ADAB454D4B', 'PCSS', 1422272094),
(142, 'E943406D-0267-FD5E-B099-E02C22449FA4', '5BCF323B-AD5C-8901-D2CB-39A883A12820', '43F94D79-8DFD-6856-8DA0-B9ADAB454D4B', 'WAIT', 1422272093),
(141, '5658BE8A-02DE-F2AF-F8B9-C5F83261BB38', '', '', 'RSTR', 1422272061),
(140, 'E943406D-0267-FD5E-B099-E02C22449FA4', '', '', 'RSTR', 1422272053),
(279, '0FCED21A-4526-C477-6A9D-1B99CB4E3E2E', '5BCF323B-AD5C-8901-D2CB-39A883A12820', '43F94D79-8DFD-6856-8DA0-B9ADAB454D4B', 'REFD', 1423164421),
(280, '6308C66B-D105-DD12-D64B-350CFB070C78', '5BCF323B-AD5C-8901-D2CB-39A883A12820', '43F94D79-8DFD-6856-8DA0-B9ADAB454D4B', 'WAIT', 1423164422),
(281, '6308C66B-D105-DD12-D64B-350CFB070C78', '5BCF323B-AD5C-8901-D2CB-39A883A12820', '43F94D79-8DFD-6856-8DA0-B9ADAB454D4B', 'REFD', 1423164424),
(282, '1BA7D0A7-C039-8089-DF53-3111B14AA11A', '5BCF323B-AD5C-8901-D2CB-39A883A12820', '43F94D79-8DFD-6856-8DA0-B9ADAB454D4B', 'WAIT', 1423164425),
(283, '1BA7D0A7-C039-8089-DF53-3111B14AA11A', '5BCF323B-AD5C-8901-D2CB-39A883A12820', '43F94D79-8DFD-6856-8DA0-B9ADAB454D4B', 'REFD', 1423164426),
(284, '94A2F719-B523-10F1-E970-EC9B1AE82E0A', '5BCF323B-AD5C-8901-D2CB-39A883A12820', '43F94D79-8DFD-6856-8DA0-B9ADAB454D4B', 'WAIT', 1423164426),
(285, '94A2F719-B523-10F1-E970-EC9B1AE82E0A', '5BCF323B-AD5C-8901-D2CB-39A883A12820', '43F94D79-8DFD-6856-8DA0-B9ADAB454D4B', 'REFD', 1423164427),
(286, 'B3CEB3F7-DF2D-36A6-3E28-765AD53735C1', '5BCF323B-AD5C-8901-D2CB-39A883A12820', '43F94D79-8DFD-6856-8DA0-B9ADAB454D4B', 'WAIT', 1423164429),
(287, 'B3CEB3F7-DF2D-36A6-3E28-765AD53735C1', '5BCF323B-AD5C-8901-D2CB-39A883A12820', '43F94D79-8DFD-6856-8DA0-B9ADAB454D4B', 'REFD', 1423164430),
(288, '87483124-ACE7-FC1E-3C0E-0B4C1B62E159', '5BCF323B-AD5C-8901-D2CB-39A883A12820', '43F94D79-8DFD-6856-8DA0-B9ADAB454D4B', 'WAIT', 1423164431),
(289, '87483124-ACE7-FC1E-3C0E-0B4C1B62E159', '5BCF323B-AD5C-8901-D2CB-39A883A12820', '43F94D79-8DFD-6856-8DA0-B9ADAB454D4B', 'REFD', 1423164432),
(290, '04094E01-85B9-759E-FB3A-BB65D2CA3887', '5BCF323B-AD5C-8901-D2CB-39A883A12820', '43F94D79-8DFD-6856-8DA0-B9ADAB454D4B', 'WAIT', 1423164433),
(291, '04094E01-85B9-759E-FB3A-BB65D2CA3887', '5BCF323B-AD5C-8901-D2CB-39A883A12820', '43F94D79-8DFD-6856-8DA0-B9ADAB454D4B', 'WAIT', 1423164434),
(292, '04094E01-85B9-759E-FB3A-BB65D2CA3887', '5BCF323B-AD5C-8901-D2CB-39A883A12820', '43F94D79-8DFD-6856-8DA0-B9ADAB454D4B', 'REFD', 1423164435),
(293, 'E6684A0B-D329-4265-6674-0D227B742611', '5BCF323B-AD5C-8901-D2CB-39A883A12820', '43F94D79-8DFD-6856-8DA0-B9ADAB454D4B', 'WAIT', 1423164436),
(294, 'E6684A0B-D329-4265-6674-0D227B742611', '5BCF323B-AD5C-8901-D2CB-39A883A12820', '43F94D79-8DFD-6856-8DA0-B9ADAB454D4B', 'REFD', 1423164437),
(295, 'A5E45818-4A17-7583-0144-668F2905E676', '5BCF323B-AD5C-8901-D2CB-39A883A12820', '43F94D79-8DFD-6856-8DA0-B9ADAB454D4B', 'WAIT', 1423164438),
(296, 'A5E45818-4A17-7583-0144-668F2905E676', '5BCF323B-AD5C-8901-D2CB-39A883A12820', '43F94D79-8DFD-6856-8DA0-B9ADAB454D4B', 'REFD', 1423164440),
(297, '791CADC1-0D80-05FF-0427-E671DD811F42', '5BCF323B-AD5C-8901-D2CB-39A883A12820', '43F94D79-8DFD-6856-8DA0-B9ADAB454D4B', 'WAIT', 1423164441),
(298, '791CADC1-0D80-05FF-0427-E671DD811F42', '5BCF323B-AD5C-8901-D2CB-39A883A12820', '43F94D79-8DFD-6856-8DA0-B9ADAB454D4B', 'REFD', 1423164442),
(299, 'F2470B67-CA5B-DCD8-BDA8-120CD87723B8', '5BCF323B-AD5C-8901-D2CB-39A883A12820', '43F94D79-8DFD-6856-8DA0-B9ADAB454D4B', 'WAIT', 1423164443),
(300, 'F2470B67-CA5B-DCD8-BDA8-120CD87723B8', '5BCF323B-AD5C-8901-D2CB-39A883A12820', '43F94D79-8DFD-6856-8DA0-B9ADAB454D4B', 'REFD', 1423164445),
(301, '16C42D01-6057-5823-2A78-99294E559914', '5BCF323B-AD5C-8901-D2CB-39A883A12820', '43F94D79-8DFD-6856-8DA0-B9ADAB454D4B', 'WAIT', 1423164446),
(302, '16C42D01-6057-5823-2A78-99294E559914', '5BCF323B-AD5C-8901-D2CB-39A883A12820', '43F94D79-8DFD-6856-8DA0-B9ADAB454D4B', 'REFD', 1423164447),
(303, '6D80E250-F584-916C-802D-01F613EEDB94', '5BCF323B-AD5C-8901-D2CB-39A883A12820', '43F94D79-8DFD-6856-8DA0-B9ADAB454D4B', 'WAIT', 1423164448),
(304, '6D80E250-F584-916C-802D-01F613EEDB94', '5BCF323B-AD5C-8901-D2CB-39A883A12820', '43F94D79-8DFD-6856-8DA0-B9ADAB454D4B', 'REFD', 1423164450),
(305, 'DE3A5AEE-9263-B632-08EA-A4EB7D2B5244', '5BCF323B-AD5C-8901-D2CB-39A883A12820', '43F94D79-8DFD-6856-8DA0-B9ADAB454D4B', 'WAIT', 1423164451),
(306, 'DE3A5AEE-9263-B632-08EA-A4EB7D2B5244', '5BCF323B-AD5C-8901-D2CB-39A883A12820', '43F94D79-8DFD-6856-8DA0-B9ADAB454D4B', 'PCSS', 1423164452),
(307, 'DE3A5AEE-9263-B632-08EA-A4EB7D2B5244', '5BCF323B-AD5C-8901-D2CB-39A883A12820', '43F94D79-8DFD-6856-8DA0-B9ADAB454D4B', 'CANC', 1423164454),
(308, '81A60894-2BAB-90BE-99B2-E8DAA7105567', '', '', 'BOOK', 1423164472),
(309, '81A60894-2BAB-90BE-99B2-E8DAA7105567', '', '', 'RSTR', 1423164492),
(310, '550E2A1B-2800-8C3E-FCCD-05C4162594CF', '5BCF323B-AD5C-8901-D2CB-39A883A12820', '43F94D79-8DFD-6856-8DA0-B9ADAB454D4B', 'WAIT', 1423164499),
(311, '550E2A1B-2800-8C3E-FCCD-05C4162594CF', '5BCF323B-AD5C-8901-D2CB-39A883A12820', '43F94D79-8DFD-6856-8DA0-B9ADAB454D4B', 'PCSS', 1423164500),
(312, '550E2A1B-2800-8C3E-FCCD-05C4162594CF', '5BCF323B-AD5C-8901-D2CB-39A883A12820', '43F94D79-8DFD-6856-8DA0-B9ADAB454D4B', 'CANC', 1423164501),
(313, '81A60894-2BAB-90BE-99B2-E8DAA7105567', '5BCF323B-AD5C-8901-D2CB-39A883A12820', '43F94D79-8DFD-6856-8DA0-B9ADAB454D4B', 'WAIT', 1423164502),
(314, '81A60894-2BAB-90BE-99B2-E8DAA7105567', '5BCF323B-AD5C-8901-D2CB-39A883A12820', '43F94D79-8DFD-6856-8DA0-B9ADAB454D4B', 'PCSS', 1423164503),
(315, '81A60894-2BAB-90BE-99B2-E8DAA7105567', '5BCF323B-AD5C-8901-D2CB-39A883A12820', '43F94D79-8DFD-6856-8DA0-B9ADAB454D4B', 'CANC', 1423164505),
(316, '03B710CF-E2C2-4CF1-763A-547B6EE8FBE5', '', '', 'BOOK', 1423165761),
(317, '3ED99865-7F1C-9E51-9298-79F7B0CA72B5', '', '', 'BOOK', 1423165774),
(318, '19805C4B-4DB6-C923-2B91-17B3F47DFA7F', '', '', 'BOOK', 1423165785),
(319, '9B417B34-A0D1-22F0-51EC-C2057EDB1D30', '', '', 'RSTR', 1423165789),
(320, '9B417B34-A0D1-22F0-51EC-C2057EDB1D30', '5BCF323B-AD5C-8901-D2CB-39A883A12820', '43F94D79-8DFD-6856-8DA0-B9ADAB454D4B', 'WAIT', 1423165800),
(321, '9B417B34-A0D1-22F0-51EC-C2057EDB1D30', '5BCF323B-AD5C-8901-D2CB-39A883A12820', '43F94D79-8DFD-6856-8DA0-B9ADAB454D4B', 'REFD', 1423165802),
(322, 'A2F7FFED-FAFE-7689-469F-05B9F94FEE04', '', '', 'RSTR', 1423166301),
(323, 'A2F7FFED-FAFE-7689-469F-05B9F94FEE04', '5BCF323B-AD5C-8901-D2CB-39A883A12820', '43F94D79-8DFD-6856-8DA0-B9ADAB454D4B', 'WAIT', 1423166312),
(324, 'A2F7FFED-FAFE-7689-469F-05B9F94FEE04', '5BCF323B-AD5C-8901-D2CB-39A883A12820', '43F94D79-8DFD-6856-8DA0-B9ADAB454D4B', 'PCSS', 1423166314),
(325, 'A2F7FFED-FAFE-7689-469F-05B9F94FEE04', '5BCF323B-AD5C-8901-D2CB-39A883A12820', '43F94D79-8DFD-6856-8DA0-B9ADAB454D4B', 'CANC', 1423166316),
(326, '19805C4B-4DB6-C923-2B91-17B3F47DFA7F', '', '', 'RSTR', 1423175788),
(327, 'F8306007-B5FB-F953-DF28-F5FBF534876D', '', '', 'RSTR', 1423175796),
(328, 'F8306007-B5FB-F953-DF28-F5FBF534876D', '5BCF323B-AD5C-8901-D2CB-39A883A12820', '43F94D79-8DFD-6856-8DA0-B9ADAB454D4B', 'WAIT', 1423175814),
(329, 'F8306007-B5FB-F953-DF28-F5FBF534876D', '5BCF323B-AD5C-8901-D2CB-39A883A12820', '43F94D79-8DFD-6856-8DA0-B9ADAB454D4B', 'PCSS', 1423175815),
(330, 'F8306007-B5FB-F953-DF28-F5FBF534876D', '5BCF323B-AD5C-8901-D2CB-39A883A12820', '43F94D79-8DFD-6856-8DA0-B9ADAB454D4B', 'CANC', 1423175817),
(331, '7A4AFF19-702E-7CAB-E625-CED57A22028E', '', '', 'BOOK', 1423652780);

-- --------------------------------------------------------

--
-- Table structure for table `tp_binding`
--

CREATE TABLE `tp_binding` (
  `id` int(11) NOT NULL AUTO_INCREMENT,
  `tid` char(40) NOT NULL,
  `pid` char(40) NOT NULL,
  `priority` int(1) NOT NULL DEFAULT '0',
  PRIMARY KEY (`id`),
  UNIQUE KEY `_id` (`id`),
  KEY `tid` (`tid`)
) ENGINE=MyISAM  DEFAULT CHARSET=utf8 AUTO_INCREMENT=188 ;

--
-- Dumping data for table `tp_binding`
--

INSERT INTO `tp_binding` (`id`, `tid`, `pid`, `priority`) VALUES
(166, '115DDB8C-302C-E3D2-49DB-4BA60F54EFC7', 'G036A7DC-D14E-9118-6FFD-DD4058186D4D', 0),
(165, '115DDB8C-302C-E3D2-49DB-4BA60F54EFC7', 'F036A7DC-D14E-9118-6FFD-DD4058186D4D', 0),
(164, '0FCED21A-4526-C477-6A9D-1B99CB4E3E2E', 'G036A7DC-D14E-9118-6FFD-DD4058186D4D', 0),
(163, '0FCED21A-4526-C477-6A9D-1B99CB4E3E2E', 'F036A7DC-D14E-9118-6FFD-DD4058186D4D', 0),
(162, '6169EE80-D35A-E4C2-6AD3-D63C26A5399B', 'G036A7DC-D14E-9118-6FFD-DD4058186D4D', 0),
(161, '6169EE80-D35A-E4C2-6AD3-D63C26A5399B', 'F036A7DC-D14E-9118-6FFD-DD4058186D4D', 0),
(160, '0F46188D-F83E-D5F3-7860-CF628CA1F167', 'G036A7DC-D14E-9118-6FFD-DD4058186D4D', 0),
(159, '0F46188D-F83E-D5F3-7860-CF628CA1F167', 'F036A7DC-D14E-9118-6FFD-DD4058186D4D', 0),
(158, 'DF964F19-B9C4-A748-6373-B57F82F8959B', 'G036A7DC-D14E-9118-6FFD-DD4058186D4D', 0),
(157, '54728AE9-4186-18FF-E21B-664404BB8331', 'G036A7DC-D14E-9118-6FFD-DD4058186D4D', 0),
(156, '54728AE9-4186-18FF-E21B-664404BB8331', 'F036A7DC-D14E-9118-6FFD-DD4058186D4D', 0),
(155, 'CDDCA397-3B62-7FBF-4C89-99025D0A692F', 'G036A7DC-D14E-9118-6FFD-DD4058186D4D', 0),
(154, 'CDDCA397-3B62-7FBF-4C89-99025D0A692F', 'F036A7DC-D14E-9118-6FFD-DD4058186D4D', 0),
(153, '83832ED8-E9D8-B028-4DB4-0EF245E42F5C', 'G036A7DC-D14E-9118-6FFD-DD4058186D4D', 0),
(152, '83832ED8-E9D8-B028-4DB4-0EF245E42F5C', 'F036A7DC-D14E-9118-6FFD-DD4058186D4D', 0),
(151, '66677F27-7212-D7F2-5B0C-1232CC2C3942', 'G036A7DC-D14E-9118-6FFD-DD4058186D4D', 0),
(150, 'FF8D9744-1FEF-4F9A-53E0-FCA5CACA0E11', 'G036A7DC-D14E-9118-6FFD-DD4058186D4D', 0),
(149, 'FF8D9744-1FEF-4F9A-53E0-FCA5CACA0E11', 'F036A7DC-D14E-9118-6FFD-DD4058186D4D', 0),
(148, 'B8CC8B43-5BA9-C3B1-9F02-4F01B283F2CF', 'G036A7DC-D14E-9118-6FFD-DD4058186D4D', 0),
(147, 'B8CC8B43-5BA9-C3B1-9F02-4F01B283F2CF', 'F036A7DC-D14E-9118-6FFD-DD4058186D4D', 0),
(146, '758598F8-710E-ACF7-6F3A-DC3578CFA67F', 'G036A7DC-D14E-9118-6FFD-DD4058186D4D', 0),
(145, '758598F8-710E-ACF7-6F3A-DC3578CFA67F', 'F036A7DC-D14E-9118-6FFD-DD4058186D4D', 0),
(144, '5BE27318-59DA-A288-4A99-F6D53530D201', 'G036A7DC-D14E-9118-6FFD-DD4058186D4D', 0),
(143, '5BE27318-59DA-A288-4A99-F6D53530D201', 'F036A7DC-D14E-9118-6FFD-DD4058186D4D', 0),
(142, '2A69A1D7-94F1-A914-CEE0-E56B061D5926', 'G036A7DC-D14E-9118-6FFD-DD4058186D4D', 0),
(141, '2A69A1D7-94F1-A914-CEE0-E56B061D5926', 'F036A7DC-D14E-9118-6FFD-DD4058186D4D', 0),
(140, '0EDDE4C2-708E-2A16-1E14-801CF366DC39', 'G036A7DC-D14E-9118-6FFD-DD4058186D4D', 0),
(139, '0EDDE4C2-708E-2A16-1E14-801CF366DC39', 'F036A7DC-D14E-9118-6FFD-DD4058186D4D', 0),
(138, 'A6985B01-E2B3-F6B0-3102-17B245D9DDA5', 'G036A7DC-D14E-9118-6FFD-DD4058186D4D', 0),
(137, 'A6985B01-E2B3-F6B0-3102-17B245D9DDA5', 'F036A7DC-D14E-9118-6FFD-DD4058186D4D', 0),
(136, '07A8D690-510F-7A80-A276-F5802AE16282', 'G036A7DC-D14E-9118-6FFD-DD4058186D4D', 0),
(135, 'C51605B3-B3EB-2F99-9FAB-A5D2B4649AFD', 'G036A7DC-D14E-9118-6FFD-DD4058186D4D', 0),
(134, 'C51605B3-B3EB-2F99-9FAB-A5D2B4649AFD', 'F036A7DC-D14E-9118-6FFD-DD4058186D4D', 0),
(133, '2CE4481C-2021-9221-73E3-228607308AC7', 'G036A7DC-D14E-9118-6FFD-DD4058186D4D', 0),
(132, '2CE4481C-2021-9221-73E3-228607308AC7', 'F036A7DC-D14E-9118-6FFD-DD4058186D4D', 0),
(131, 'DB2EFC40-AA25-E7E0-F3E7-F30FD757F475', 'G036A7DC-D14E-9118-6FFD-DD4058186D4D', 0),
(130, 'DB2EFC40-AA25-E7E0-F3E7-F30FD757F475', 'F036A7DC-D14E-9118-6FFD-DD4058186D4D', 0),
(129, '79004625-9799-F282-CC07-584E6C71ECA2', 'G036A7DC-D14E-9118-6FFD-DD4058186D4D', 0),
(128, '5270FA02-1F39-6FA4-92FC-05B19AA56052', 'G036A7DC-D14E-9118-6FFD-DD4058186D4D', 0),
(127, '5270FA02-1F39-6FA4-92FC-05B19AA56052', 'F036A7DC-D14E-9118-6FFD-DD4058186D4D', 0),
(126, 'A2D4C344-E807-AD27-9F7B-4648BDB74FB2', 'G036A7DC-D14E-9118-6FFD-DD4058186D4D', 0),
(125, 'A2D4C344-E807-AD27-9F7B-4648BDB74FB2', 'F036A7DC-D14E-9118-6FFD-DD4058186D4D', 0),
(124, '75C22EB4-0A80-2526-ADAC-4783A122310C', 'G036A7DC-D14E-9118-6FFD-DD4058186D4D', 0),
(123, '75C22EB4-0A80-2526-ADAC-4783A122310C', 'F036A7DC-D14E-9118-6FFD-DD4058186D4D', 0),
(122, '3D5898ED-69F2-4AF2-D646-C77A39AB17E0', 'G036A7DC-D14E-9118-6FFD-DD4058186D4D', 0),
(121, '3D5898ED-69F2-4AF2-D646-C77A39AB17E0', 'F036A7DC-D14E-9118-6FFD-DD4058186D4D', 0),
(120, '5C2FB5E5-30B3-7791-124D-8F9DAC347EEE', 'F036A7DC-D14E-9118-6FFD-DD4058186D4D', 0),
(119, '3813046D-0D6B-285C-569E-D6CD725274DD', 'G036A7DC-D14E-9118-6FFD-DD4058186D4D', 0),
(118, '3813046D-0D6B-285C-569E-D6CD725274DD', 'F036A7DC-D14E-9118-6FFD-DD4058186D4D', 0),
(117, 'F4649DDD-61B5-CDFA-FAF0-6B2603E153C2', 'G036A7DC-D14E-9118-6FFD-DD4058186D4D', 0),
(116, 'F4649DDD-61B5-CDFA-FAF0-6B2603E153C2', 'F036A7DC-D14E-9118-6FFD-DD4058186D4D', 0),
(115, 'C74E71A5-4254-5C57-8EB7-905FF7AD382D', 'G036A7DC-D14E-9118-6FFD-DD4058186D4D', 0),
(114, 'C74E71A5-4254-5C57-8EB7-905FF7AD382D', 'F036A7DC-D14E-9118-6FFD-DD4058186D4D', 0),
(113, '22733149-BD30-4920-AAFF-63561E8283E2', 'G036A7DC-D14E-9118-6FFD-DD4058186D4D', 0),
(112, '22733149-BD30-4920-AAFF-63561E8283E2', 'F036A7DC-D14E-9118-6FFD-DD4058186D4D', 0),
(111, 'D4F1A7FA-338B-D09D-C247-208E0D15EF0D', 'G036A7DC-D14E-9118-6FFD-DD4058186D4D', 0),
(110, 'D4F1A7FA-338B-D09D-C247-208E0D15EF0D', 'F036A7DC-D14E-9118-6FFD-DD4058186D4D', 0),
(109, '5BCB65D0-57FE-12C9-2A34-C4DFA3FE82A8', 'G036A7DC-D14E-9118-6FFD-DD4058186D4D', 0),
(108, '385B2441-5C18-2E3F-CD55-43D276F8E672', 'G036A7DC-D14E-9118-6FFD-DD4058186D4D', 0),
(107, 'D80B3D16-98C5-99B3-93E9-2D3F4752B955', 'G036A7DC-D14E-9118-6FFD-DD4058186D4D', 0),
(106, '95CCD633-66C3-04AC-B5CB-31FB5E510203', 'G036A7DC-D14E-9118-6FFD-DD4058186D4D', 0),
(105, 'E77A73AD-781B-9D47-21A7-0556B8149ECF', 'G036A7DC-D14E-9118-6FFD-DD4058186D4D', 0),
(104, 'F031EA73-FEA9-0A3C-EF1B-B05A1B2B2512', 'G036A7DC-D14E-9118-6FFD-DD4058186D4D', 0),
(103, 'BC58F8C0-ECDE-BB6B-EB79-6B331EDE433A', 'G036A7DC-D14E-9118-6FFD-DD4058186D4D', 0),
(102, '2BCD0EEC-1C8B-CD19-423F-7E34F457BBDD', 'F036A7DC-D14E-9118-6FFD-DD4058186D4D', 0),
(101, '3EC75825-23D2-060B-5755-8A00D3AE0D4D', 'G036A7DC-D14E-9118-6FFD-DD4058186D4D', 0),
(100, '3EC75825-23D2-060B-5755-8A00D3AE0D4D', 'F036A7DC-D14E-9118-6FFD-DD4058186D4D', 0),
(99, '694041A6-61CF-715B-590A-52FEAC937142', 'G036A7DC-D14E-9118-6FFD-DD4058186D4D', 0),
(98, '2FC732D4-EB41-84A7-F632-A3EC114A0DFE', 'F036A7DC-D14E-9118-6FFD-DD4058186D4D', 0),
(97, '51493F83-92B0-FDD1-F2A6-5F55E29FEE77', 'G036A7DC-D14E-9118-6FFD-DD4058186D4D', 0),
(96, '51493F83-92B0-FDD1-F2A6-5F55E29FEE77', 'F036A7DC-D14E-9118-6FFD-DD4058186D4D', 0),
(95, 'DB51D95B-9E03-E480-CB5A-C68FF8C6A978', 'G036A7DC-D14E-9118-6FFD-DD4058186D4D', 0),
(94, 'DB51D95B-9E03-E480-CB5A-C68FF8C6A978', 'F036A7DC-D14E-9118-6FFD-DD4058186D4D', 0),
(93, 'C93531C0-D93D-E572-D838-678CE06C1722', 'G036A7DC-D14E-9118-6FFD-DD4058186D4D', 0),
(92, 'C93531C0-D93D-E572-D838-678CE06C1722', 'F036A7DC-D14E-9118-6FFD-DD4058186D4D', 0),
(91, '663113F4-50BE-2982-E345-3CF43FC30D78', 'G036A7DC-D14E-9118-6FFD-DD4058186D4D', 0),
(90, '663113F4-50BE-2982-E345-3CF43FC30D78', 'F036A7DC-D14E-9118-6FFD-DD4058186D4D', 0),
(89, 'E5379627-1742-79BC-C440-8E4B1B415AC9', 'G036A7DC-D14E-9118-6FFD-DD4058186D4D', 0),
(88, 'E5379627-1742-79BC-C440-8E4B1B415AC9', 'F036A7DC-D14E-9118-6FFD-DD4058186D4D', 0),
(87, 'AE942775-5003-BDF1-2046-6BA76D911AC3', 'F036A7DC-D14E-9118-6FFD-DD4058186D4D', 0),
(86, 'BD7B6FE7-9630-F67E-C5CD-91EE4E2BEC3C', 'F036A7DC-D14E-9118-6FFD-DD4058186D4D', 0),
(85, 'D1439712-E244-F2E0-E02C-D8AA6B6C3A04', 'F036A7DC-D14E-9118-6FFD-DD4058186D4D', 0),
(84, '211579C0-04ED-B104-87E7-0DF5CDF85539', 'F036A7DC-D14E-9118-6FFD-DD4058186D4D', 0),
(167, '024D1316-E18A-5894-7763-F5CEC8628730', 'F036A7DC-D14E-9118-6FFD-DD4058186D4D', 0),
(168, '024D1316-E18A-5894-7763-F5CEC8628730', 'G036A7DC-D14E-9118-6FFD-DD4058186D4D', 0),
(169, '0F258997-AB9C-E30B-7F9A-8D71C45E0A06', 'F036A7DC-D14E-9118-6FFD-DD4058186D4D', 0),
(170, '0F258997-AB9C-E30B-7F9A-8D71C45E0A06', 'G036A7DC-D14E-9118-6FFD-DD4058186D4D', 0),
(171, '3D063A66-DA6A-705E-0C4D-ABE1A54240D4', 'F036A7DC-D14E-9118-6FFD-DD4058186D4D', 0),
(172, '3D063A66-DA6A-705E-0C4D-ABE1A54240D4', 'G036A7DC-D14E-9118-6FFD-DD4058186D4D', 0),
(173, 'E012F571-2CDF-CED1-DF8F-1357747CCAE0', 'F036A7DC-D14E-9118-6FFD-DD4058186D4D', 0),
(174, 'E012F571-2CDF-CED1-DF8F-1357747CCAE0', 'G036A7DC-D14E-9118-6FFD-DD4058186D4D', 0),
(175, '69D3B0F4-BFF9-4A6C-7A21-70279ACFDF2F', 'F036A7DC-D14E-9118-6FFD-DD4058186D4D', 0),
(176, 'A6F12D3B-8E1D-E097-8C94-7E062C3CB1ED', 'F036A7DC-D14E-9118-6FFD-DD4058186D4D', 0),
(177, '15811004-EF60-9261-4CD9-809D9C6FA2AF', 'G036A7DC-D14E-9118-6FFD-DD4058186D4D', 0),
(178, '81A60894-2BAB-90BE-99B2-E8DAA7105567', 'F036A7DC-D14E-9118-6FFD-DD4058186D4D', 0),
(179, '81A60894-2BAB-90BE-99B2-E8DAA7105567', 'G036A7DC-D14E-9118-6FFD-DD4058186D4D', 0),
(180, '03B710CF-E2C2-4CF1-763A-547B6EE8FBE5', 'F036A7DC-D14E-9118-6FFD-DD4058186D4D', 0),
(181, '03B710CF-E2C2-4CF1-763A-547B6EE8FBE5', 'G036A7DC-D14E-9118-6FFD-DD4058186D4D', 0),
(182, '3ED99865-7F1C-9E51-9298-79F7B0CA72B5', 'F036A7DC-D14E-9118-6FFD-DD4058186D4D', 0),
(183, '3ED99865-7F1C-9E51-9298-79F7B0CA72B5', 'G036A7DC-D14E-9118-6FFD-DD4058186D4D', 0),
(184, '19805C4B-4DB6-C923-2B91-17B3F47DFA7F', 'F036A7DC-D14E-9118-6FFD-DD4058186D4D', 0),
(185, '19805C4B-4DB6-C923-2B91-17B3F47DFA7F', 'G036A7DC-D14E-9118-6FFD-DD4058186D4D', 0),
(186, '7A4AFF19-702E-7CAB-E625-CED57A22028E', 'F036A7DC-D14E-9118-6FFD-DD4058186D4D', 0),
(187, '7A4AFF19-702E-7CAB-E625-CED57A22028E', 'G036A7DC-D14E-9118-6FFD-DD4058186D4D', 0);

-- --------------------------------------------------------

--
-- Table structure for table `ts_binding`
--

CREATE TABLE `ts_binding` (
  `id` int(11) NOT NULL AUTO_INCREMENT,
  `tid` char(40) NOT NULL,
  `sid` char(40) NOT NULL,
  PRIMARY KEY (`id`),
  UNIQUE KEY `id` (`id`)
) ENGINE=MyISAM  DEFAULT CHARSET=utf8 AUTO_INCREMENT=119 ;

--
-- Dumping data for table `ts_binding`
--

INSERT INTO `ts_binding` (`id`, `tid`, `sid`) VALUES
(118, 'F8306007-B5FB-F953-DF28-F5FBF534876D', '3edf6850-42ba-4661-b602-a705a2e1fac9'),
(117, 'A2F7FFED-FAFE-7689-469F-05B9F94FEE04', '3edf6850-42ba-4661-b602-a705a2e1fac9'),
(116, '9B417B34-A0D1-22F0-51EC-C2057EDB1D30', '3edf6850-42ba-4661-b602-a705a2e1fac9'),
(115, '550E2A1B-2800-8C3E-FCCD-05C4162594CF', '3edf6850-42ba-4661-b602-a705a2e1fac9'),
(114, 'DE3A5AEE-9263-B632-08EA-A4EB7D2B5244', '3edf6850-42ba-4661-b602-a705a2e1fac9'),
(113, '6D80E250-F584-916C-802D-01F613EEDB94', '3edf6850-42ba-4661-b602-a705a2e1fac9'),
(112, '16C42D01-6057-5823-2A78-99294E559914', '3edf6850-42ba-4661-b602-a705a2e1fac9'),
(111, 'F2470B67-CA5B-DCD8-BDA8-120CD87723B8', '3edf6850-42ba-4661-b602-a705a2e1fac9'),
(110, '791CADC1-0D80-05FF-0427-E671DD811F42', '3edf6850-42ba-4661-b602-a705a2e1fac9'),
(109, 'A5E45818-4A17-7583-0144-668F2905E676', '3edf6850-42ba-4661-b602-a705a2e1fac9'),
(108, 'E6684A0B-D329-4265-6674-0D227B742611', '3edf6850-42ba-4661-b602-a705a2e1fac9'),
(107, '04094E01-85B9-759E-FB3A-BB65D2CA3887', '3edf6850-42ba-4661-b602-a705a2e1fac9'),
(106, '87483124-ACE7-FC1E-3C0E-0B4C1B62E159', '3edf6850-42ba-4661-b602-a705a2e1fac9'),
(105, 'B3CEB3F7-DF2D-36A6-3E28-765AD53735C1', '3edf6850-42ba-4661-b602-a705a2e1fac9'),
(104, '94A2F719-B523-10F1-E970-EC9B1AE82E0A', '3edf6850-42ba-4661-b602-a705a2e1fac9'),
(103, '1BA7D0A7-C039-8089-DF53-3111B14AA11A', '3edf6850-42ba-4661-b602-a705a2e1fac9'),
(102, '6308C66B-D105-DD12-D64B-350CFB070C78', '3edf6850-42ba-4661-b602-a705a2e1fac9'),
(101, '7E108B60-FADD-DA07-ED2B-86D84E74C520', '3edf6850-42ba-4661-b602-a705a2e1fac9'),
(100, 'A1A41083-D952-C640-64C0-FB2CF42B62E8', '3edf6850-42ba-4661-b602-a705a2e1fac9'),
(99, '495C8ADB-763D-B47A-74FA-C5E8B00A1287', '3edf6850-42ba-4661-b602-a705a2e1fac9'),
(98, 'D9BC09B4-F0E5-7ED3-A9B9-5CF6BB87133B', '3edf6850-42ba-4661-b602-a705a2e1fac9'),
(97, 'FC8531C4-EA9B-6F95-C651-024E9D1D5F23', '3edf6850-42ba-4661-b602-a705a2e1fac9'),
(96, 'DA39074A-3F45-F434-3791-7569AAB263BA', '3edf6850-42ba-4661-b602-a705a2e1fac9'),
(95, '1DDE6F8D-8D7B-D088-54B8-A126E8A5CF9A', '3edf6850-42ba-4661-b602-a705a2e1fac9'),
(94, '4C6A0F98-5BC2-B203-AEE8-2ECB2D523BE0', '0cf4337a-cbc1-44d2-8dcb-5554272fcbe9'),
(93, '1349759D-6C48-22C4-239F-BF8B499A76E3', '0cf4337a-cbc1-44d2-8dcb-5554272fcbe9'),
(92, 'D2AD3BB4-FB52-14EF-F268-AB6DEED01987', '3edf6850-42ba-4661-b602-a705a2e1fac9'),
(91, '5EE5E294-E225-FBD2-F3D6-3F58B090868D', '0cf4337a-cbc1-44d2-8dcb-5554272fcbe9'),
(90, '5658BE8A-02DE-F2AF-F8B9-C5F83261BB38', '3edf6850-42ba-4661-b602-a705a2e1fac9'),
(89, 'E943406D-0267-FD5E-B099-E02C22449FA4', '0cf4337a-cbc1-44d2-8dcb-5554272fcbe9');

-- --------------------------------------------------------

--
-- Table structure for table `up_binding`
--

CREATE TABLE `up_binding` (
  `id` int(10) NOT NULL AUTO_INCREMENT,
  `uid` char(40) NOT NULL,
  `pid` char(40) NOT NULL,
  PRIMARY KEY (`id`),
  UNIQUE KEY `id` (`id`),
  KEY `uid` (`uid`,`pid`),
  KEY `uid_2` (`uid`),
  KEY `pid` (`pid`)
) ENGINE=MyISAM  DEFAULT CHARSET=utf8 AUTO_INCREMENT=98 ;

--
-- Dumping data for table `up_binding`
--

INSERT INTO `up_binding` (`id`, `uid`, `pid`) VALUES
(97, '43F94D79-8DFD-6856-8DA0-B9ADAB454D4B', 'F036A7DC-D14E-9118-6FFD-DD4058186D4D');

-- --------------------------------------------------------

--
-- Table structure for table `users`
--

CREATE TABLE `users` (
  `id` char(40) NOT NULL,
  `login` char(16) NOT NULL,
  `password` varchar(1024) NOT NULL,
  `fname` char(40) NOT NULL,
  `sname` char(40) NOT NULL,
  `mname` char(40) NOT NULL,
  `role` int(1) NOT NULL DEFAULT '0',
  `disabled` tinyint(1) NOT NULL DEFAULT '0',
  `created` timestamp NOT NULL DEFAULT CURRENT_TIMESTAMP,
  `creator` char(40) NOT NULL,
  `token` varchar(512) DEFAULT NULL,
  UNIQUE KEY `id` (`id`),
  UNIQUE KEY `login` (`login`)
) ENGINE=MyISAM DEFAULT CHARSET=utf8;

--
-- Dumping data for table `users`
--

INSERT INTO `users` (`id`, `login`, `password`, `fname`, `sname`, `mname`, `role`, `disabled`, `created`, `creator`, `token`) VALUES
('875BB2DB-0D6D-B86A-9007-5B082FF4B53D', 'administrator', '$1$r2aM360w$4hvlMmD3eaR9qFV2nJPmZ0', '-', '-', '-', 0, 0, '0000-00-00 00:00:00', '875BB2DB-0D6D-B86A-9007-5B082FF4B53D', 'eyJ0eXAiOiJKV1QiLCJhbGciOiJIUzI1NiJ9.eyJpc3MiOiJodHRwOlwvXC9sb2NhbGhvc3QiLCJpYXQiOjE0MjM2NTE2NDYsImV4cCI6MTQ1NTE4NzY0NiwianRpIjoiOEExMjhBRDEtMDBBRC1GRTBCLTc3MjMtN0I0NjM1MDkwRTUzIiwidWlkIjoiODc1QkIyREItMEQ2RC1CODZBLTkwMDctNUIwODJGRjRCNTNEIiwiY2lkIjoiQTU3OTA4RDItOUE5RC1DODBELTFFOEYtMUQwQzgxNzA4NzFFIiwicm9sIjoiMCJ9.XEoBlHbk2FB0WIsXZvajylnd0y3THCYPck3En2T95W4'),
('01E36F6E-618F-8CE7-858E-32E85259BCKI', 'kiosk', '$1$r2aM360w$4hvlMmD3eaR9qFV2nJPmZ0', 'Киоск', '', '', 2, 0, '2014-12-04 22:28:49', '875BB2DB-0D6D-B86A-9007-5B082FF4B53D', 'eyJ0eXAiOiJKV1QiLCJhbGciOiJIUzI1NiJ9.eyJpc3MiOiJodHRwOlwvXC9sb2NhbGhvc3QiLCJpYXQiOjE0MjM2NTI0ODUsImV4cCI6MTQ1NTE4ODQ4NSwianRpIjoiRjkyOEY2QjQtQkE4MS0zQjA1LTdBQUMtRTA0MkRBODcyNzQ4IiwidWlkIjoiMDFFMzZGNkUtNjE4Ri04Q0U3LTg1OEUtMzJFODUyNTlCQ0tJIiwiY2lkIjoiMEJDRjMyM0ItQUQ1Qy04OTAxLUQyQ0ItMzlBODgzQTEyODIwIiwicm9sIjoiMiJ9._yD9NRPA7k-ViYQqF-DtES3BYMs3smSMyTtK6IA4TyA'),
('11E36F6E-618F-8CE7-858E-32E85259BCKI', 'plasma', '$1$r2aM360w$4hvlMmD3eaR9qFV2nJPmZ0', 'Оповещение', '', '', 3, 0, '2014-12-04 22:28:49', '875BB2DB-0D6D-B86A-9007-5B082FF4B53D', 'eyJ0eXAiOiJKV1QiLCJhbGciOiJIUzI1NiJ9.eyJpc3MiOiJodHRwOlwvXC9sb2NhbGhvc3QiLCJpYXQiOjE0MTc3ODEyMDQsImV4cCI6MTQ0OTMxNzIwNCwianRpIjoiMTZGMTc3MDktRUIwQS01NkMwLUU1NDMtRTczNUZDNEVDODExIiwidWlkIjoiMTFFMzZGNkUtNjE4Ri04Q0U3LTg1OEUtMzJFODUyNTlCQ0tJIiwiY2lkIjoiNUJDRjMyM0ItQUQ1Qy04OTAxLUQyQ0ItMzlBODgzQTEyODE2In0.B9zAxnN9gSVH3kpgSqA3XlhiK_BcOIAovqkdC2jVYNs'),
('43F94D79-8DFD-6856-8DA0-B9ADAB454D4B', 'gonczarowa', '$1$r2aM360w$4hvlMmD3eaR9qFV2nJPmZ0', 'Юлия', 'Гончарова', 'Владимировна', 1, 0, '2014-12-29 20:37:52', '875BB2DB-0D6D-B86A-9007-5B082FF4B53D', 'eyJ0eXAiOiJKV1QiLCJhbGciOiJIUzI1NiJ9.eyJpc3MiOiJodHRwOlwvXC9sb2NhbGhvc3QiLCJpYXQiOjE0MjMxMjU3NTYsImV4cCI6MTQ1NDY2MTc1NiwianRpIjoiODAxNDUwOTUtNjIzOS1CNjFCLTcxM0QtOEU0RUM5Q0VGMDQ1IiwidWlkIjoiNDNGOTRENzktOERGRC02ODU2LThEQTAtQjlBREFCNDU0RDRCIiwiY2lkIjoiNUJDRjMyM0ItQUQ1Qy04OTAxLUQyQ0ItMzlBODgzQTEyODIwIiwicm9sIjoiMSJ9.jDEwdvvG8t6kPliF_FJXBMQ8PLqW3FlAaEuu5y__omU');

-- --------------------------------------------------------

--
-- Table structure for table `users_activity`
--

CREATE TABLE `users_activity` (
  `_id` int(11) NOT NULL AUTO_INCREMENT,
  `id` char(40) NOT NULL,
  `last` int(12) NOT NULL,
  `logout` int(15) DEFAULT NULL,
  `shedule_action_type` char(10) DEFAULT NULL,
  PRIMARY KEY (`_id`),
  UNIQUE KEY `_id` (`_id`)
) ENGINE=MyISAM  DEFAULT CHARSET=utf8 AUTO_INCREMENT=35 ;

--
-- Dumping data for table `users_activity`
--

INSERT INTO `users_activity` (`_id`, `id`, `last`, `logout`, `shedule_action_type`) VALUES
(34, '01E36F6E-618F-8CE7-858E-32E85259BCKI', 1423652485, NULL, '5'),
(33, '875BB2DB-0D6D-B86A-9007-5B082FF4B53D', 1423652477, 1423652477, '6'),
(32, '875BB2DB-0D6D-B86A-9007-5B082FF4B53D', 1423651646, NULL, '5'),
(31, '01E36F6E-618F-8CE7-858E-32E85259BCKI', 1423651634, 1423651634, '6'),
(30, '43F94D79-8DFD-6856-8DA0-B9ADAB454D4B', 1423125756, NULL, '5'),
(29, '01E36F6E-618F-8CE7-858E-32E85259BCKI', 1422475380, NULL, '5'),
(28, '875BB2DB-0D6D-B86A-9007-5B082FF4B53D', 1422475369, 1422475369, '6'),
(27, '875BB2DB-0D6D-B86A-9007-5B082FF4B53D', 1422442657, NULL, '5'),
(26, '43F94D79-8DFD-6856-8DA0-B9ADAB454D4B', 1422272115, 1422272115, '3'),
(25, '43F94D79-8DFD-6856-8DA0-B9ADAB454D4B', 1422272089, NULL, '5'),
(24, '01E36F6E-618F-8CE7-858E-32E85259BCKI', 1422272074, 1422272074, '3'),
(23, '01E36F6E-618F-8CE7-858E-32E85259BCKI', 1422272044, NULL, '5'),
(22, '875BB2DB-0D6D-B86A-9007-5B082FF4B53D', 1422272029, 1422272029, ''),
(21, '875BB2DB-0D6D-B86A-9007-5B082FF4B53D', 1422271882, NULL, '5'),
(20, '01E36F6E-618F-8CE7-858E-32E85259BCKI', 1422271869, 1422271869, '');

-- --------------------------------------------------------

--
-- Table structure for table `us_binding`
--

CREATE TABLE `us_binding` (
  `id` int(10) NOT NULL AUTO_INCREMENT,
  `uid` char(40) NOT NULL,
  `sid` char(40) NOT NULL,
  PRIMARY KEY (`id`),
  UNIQUE KEY `id` (`id`)
) ENGINE=MyISAM  DEFAULT CHARSET=utf8 AUTO_INCREMENT=29 ;

--
-- Dumping data for table `us_binding`
--

INSERT INTO `us_binding` (`id`, `uid`, `sid`) VALUES
(28, '43F94D79-8DFD-6856-8DA0-B9ADAB454D4B', '3edf6850-42ba-4661-b602-a705a2e1fac9'),
(27, '43F94D79-8DFD-6856-8DA0-B9ADAB454D4B', '0cf4337a-cbc1-44d2-8dcb-5554272fcbe9');

-- --------------------------------------------------------

--
-- Table structure for table `workplaces`
--

CREATE TABLE `workplaces` (
  `wid` int(10) NOT NULL AUTO_INCREMENT,
  `cid` char(40) DEFAULT NULL,
  `workplace_number` char(10) NOT NULL,
  `workplace_name` char(255) DEFAULT NULL,
  `workplace_type` int(10) NOT NULL,
  `workplace_operable` tinyint(1) NOT NULL DEFAULT '1',
  PRIMARY KEY (`wid`),
  UNIQUE KEY `wid` (`wid`)
) ENGINE=MyISAM  DEFAULT CHARSET=utf8 AUTO_INCREMENT=11 ;

--
-- Dumping data for table `workplaces`
--

INSERT INTO `workplaces` (`wid`, `cid`, `workplace_number`, `workplace_name`, `workplace_type`, `workplace_operable`) VALUES
(1, '5BCF323B-AD5C-8901-D2CB-39A883A12820', '1', 'Окно старшего оператора', 1, 1),
(2, '086FF3FB-8BCB-7C22-B726-34E2D65F8CC2', '2', NULL, 1, 1),
(4, 'BF0A1F6C-3A33-8950-1E93-3D09330F7BA4', '4', NULL, 1, 1),
(5, '33F82053-ECB9-0002-42C4-D5B096CD780F', '3', NULL, 1, 1),
(6, '3D64F5DB-DEFB-05BC-5266-21E711B68A36', '5', NULL, 1, 1),
(10, 'A57908D2-9A9D-C80D-1E8F-1D0C8170871E', '1', 'АРМ Администратора', 1, 0);

-- --------------------------------------------------------

--
-- Table structure for table `workplace_types`
--

CREATE TABLE `workplace_types` (
  `type_id` int(3) NOT NULL AUTO_INCREMENT,
  `type_description` char(255) NOT NULL,
  `type_name` char(255) NOT NULL,
  UNIQUE KEY `type_id` (`type_id`)
) ENGINE=MyISAM  DEFAULT CHARSET=utf8 AUTO_INCREMENT=4 ;

--
-- Dumping data for table `workplace_types`
--

INSERT INTO `workplace_types` (`type_id`, `type_description`, `type_name`) VALUES
(1, 'Рабочее место оператора МФЦ', 'Окно'),
(2, 'Рабочее место кассира', 'Касса'),
(3, 'Кабинет, принимающий заявителей', 'Кабинет');
