-- phpMyAdmin SQL Dump
-- version 4.1.12
-- http://www.phpmyadmin.net
--
-- Хост: localhost:3306
-- Время создания: Авг 12 2015 г., 13:04
-- Версия сервера: 5.5.34
-- Версия PHP: 5.4.26

SET SQL_MODE = "NO_AUTO_VALUE_ON_ZERO";
SET time_zone = "+00:00";

--
-- База данных: `suo_db`
--

-- --------------------------------------------------------

--
-- Структура таблицы `booking`
--

CREATE TABLE `booking` (
  `tid` char(40) NOT NULL,
  `bookingtime` int(12) NOT NULL,
  KEY `bookingtime` (`bookingtime`)
) ENGINE=MyISAM DEFAULT CHARSET=utf8;

--
-- Дамп данных таблицы `booking`
--

INSERT INTO `booking` (`tid`, `bookingtime`) VALUES
('793F7A8D-7DC6-0DFF-1EB9-CCD5A52602F3', 1416143369),
('9DCCFD77-6EDE-9D11-8037-82E3CA19BA18', 1412625600),
('1D9228CD-B834-7237-12CC-861140F62D14', 1412625600),
('0B408D40-5D8A-D254-B900-1B9D64D2534E', 1412625500);

-- --------------------------------------------------------

--
-- Структура таблицы `clients`
--

CREATE TABLE `clients` (
  `id` char(40) NOT NULL,
  `client_id` char(40) NOT NULL,
  `role` int(1) NOT NULL DEFAULT '0',
  `REMOTE_ADDR` char(45) DEFAULT NULL,
  `HTTP_X_FORWARDED_FOR` char(45) DEFAULT NULL,
  UNIQUE KEY `id` (`id`)
) ENGINE=MyISAM DEFAULT CHARSET=utf8;

--
-- Дамп данных таблицы `clients`
--

INSERT INTO `clients` (`id`, `client_id`, `role`, `REMOTE_ADDR`, `HTTP_X_FORWARDED_FOR`) VALUES
('37BB257B-64BC-7371-B88B-A319DEAB7394', 'KIOSK', 2, '', ''),
('0BCF323B-AD5C-8901-D2CB-39A883A12820', 'KIOSK-I', 2, '', ''),
('5BCF323B-AD5C-8901-D2CB-39A883A12820', 'REDOC-I', 1, '', ''),
('3D64F5DB-DEFB-05BC-5266-21E711B68A36', 'REDOC-V', 1, '', ''),
('086FF3FB-8BCB-7C22-B726-34E2D65F8CC2', 'REDOC-II', 1, '', ''),
('33F82053-ECB9-0002-42C4-D5B096CD780F', 'REDOC-III', 1, '', ''),
('BF0A1F6C-3A33-8950-1E93-3D09330F7BA4', 'REDOC-IV', 1, '', ''),
('28B3A86A-5093-1BF5-8C23-E06D70BDD3FB', 'ADM-1', 0, '', '');

-- --------------------------------------------------------

--
-- Структура таблицы `clients_activity`
--

CREATE TABLE `clients_activity` (
  `id` int(11) NOT NULL AUTO_INCREMENT,
  `cid` char(40) NOT NULL,
  `uid` char(40) NOT NULL,
  `last` int(15) NOT NULL,
  `logout` int(15) DEFAULT NULL,
  PRIMARY KEY (`id`),
  UNIQUE KEY `$id` (`id`)
) ENGINE=MyISAM  DEFAULT CHARSET=utf8 AUTO_INCREMENT=404 ;

--
-- Дамп данных таблицы `clients_activity`
--

INSERT INTO `clients_activity` (`id`, `cid`, `uid`, `last`, `logout`) VALUES
(403, '086FF3FB-8BCB-7C22-B726-34E2D65F8CC2', '72C453E7-A734-F14D-77F2-E6BFAD5B6CF4', 1439380187, NULL),
(402, '086FF3FB-8BCB-7C22-B726-34E2D65F8CC2', '72C453E7-A734-F14D-77F2-E6BFAD5B6CF4', 1439340090, 1439380187),
(401, '28B3A86A-5093-1BF5-8C23-E06D70BDD3FB', '875BB2DB-0D6D-B86A-9007-5B082FF4B53D', 1439340069, 1439340069),
(400, '5BCF323B-AD5C-8901-D2CB-39A883A12820', '43F94D79-8DFD-6856-8DA0-B9ADAB454D4B', 1439323177, NULL),
(399, '5BCF323B-AD5C-8901-D2CB-39A883A12820', '43F94D79-8DFD-6856-8DA0-B9ADAB454D4B', 1439323163, 1439323163),
(398, '5BCF323B-AD5C-8901-D2CB-39A883A12820', '43F94D79-8DFD-6856-8DA0-B9ADAB454D4B', 1439319191, 1439323177),
(397, '086FF3FB-8BCB-7C22-B726-34E2D65F8CC2', '72C453E7-A734-F14D-77F2-E6BFAD5B6CF4', 1439319184, 1439319184),
(396, '086FF3FB-8BCB-7C22-B726-34E2D65F8CC2', '72C453E7-A734-F14D-77F2-E6BFAD5B6CF4', 1439318162, 1439340090),
(395, '5BCF323B-AD5C-8901-D2CB-39A883A12820', '43F94D79-8DFD-6856-8DA0-B9ADAB454D4B', 1439317560, 1439319191),
(394, '28B3A86A-5093-1BF5-8C23-E06D70BDD3FB', '875BB2DB-0D6D-B86A-9007-5B082FF4B53D', 1439315213, NULL),
(393, '28B3A86A-5093-1BF5-8C23-E06D70BDD3FB', '875BB2DB-0D6D-B86A-9007-5B082FF4B53D', 1438706662, 1439315213),
(392, '5BCF323B-AD5C-8901-D2CB-39A883A12820', '43F94D79-8DFD-6856-8DA0-B9ADAB454D4B', 1438706655, 1438706655),
(391, '5BCF323B-AD5C-8901-D2CB-39A883A12820', '43F94D79-8DFD-6856-8DA0-B9ADAB454D4B', 1438706609, 1439317560),
(390, '37BB257B-64BC-7371-B88B-A319DEAB7394', '01E36F6E-618F-8CE7-858E-32E85259BCKI', 1436801789, NULL),
(389, '37BB257B-64BC-7371-B88B-A319DEAB7394', '01E36F6E-618F-8CE7-858E-32E85259BCKI', 1436782158, 1436801789),
(388, '37BB257B-64BC-7371-B88B-A319DEAB7394', '01E36F6E-618F-8CE7-858E-32E85259BCKI', 1436782158, 1436801789),
(387, '28B3A86A-5093-1BF5-8C23-E06D70BDD3FB', '875BB2DB-0D6D-B86A-9007-5B082FF4B53D', 1436520933, 1438706662),
(386, '5BCF323B-AD5C-8901-D2CB-39A883A12820', '43F94D79-8DFD-6856-8DA0-B9ADAB454D4B', 1436520918, 1436520918),
(385, '086FF3FB-8BCB-7C22-B726-34E2D65F8CC2', '72C453E7-A734-F14D-77F2-E6BFAD5B6CF4', 1436519532, 1439318162),
(384, '5BCF323B-AD5C-8901-D2CB-39A883A12820', '43F94D79-8DFD-6856-8DA0-B9ADAB454D4B', 1436519520, 1438706609),
(383, '28B3A86A-5093-1BF5-8C23-E06D70BDD3FB', '875BB2DB-0D6D-B86A-9007-5B082FF4B53D', 1436519509, 1436519509),
(382, '28B3A86A-5093-1BF5-8C23-E06D70BDD3FB', '875BB2DB-0D6D-B86A-9007-5B082FF4B53D', 1436519412, 1436520933),
(381, '5BCF323B-AD5C-8901-D2CB-39A883A12820', '43F94D79-8DFD-6856-8DA0-B9ADAB454D4B', 1436519404, 1436519404),
(380, '5BCF323B-AD5C-8901-D2CB-39A883A12820', '43F94D79-8DFD-6856-8DA0-B9ADAB454D4B', 1436519276, 1436519520),
(379, '28B3A86A-5093-1BF5-8C23-E06D70BDD3FB', '875BB2DB-0D6D-B86A-9007-5B082FF4B53D', 1436519249, 1436519249),
(378, '28B3A86A-5093-1BF5-8C23-E06D70BDD3FB', '875BB2DB-0D6D-B86A-9007-5B082FF4B53D', 1436484415, 1436519412),
(377, '28B3A86A-5093-1BF5-8C23-E06D70BDD3FB', '875BB2DB-0D6D-B86A-9007-5B082FF4B53D', 1436484122, 1436484122),
(376, '28B3A86A-5093-1BF5-8C23-E06D70BDD3FB', '875BB2DB-0D6D-B86A-9007-5B082FF4B53D', 1436483288, 1436484415),
(375, '3D64F5DB-DEFB-05BC-5266-21E711B68A36', '43F94D79-8DFD-6856-8DA0-B9ADAB454D4B', 1436386864, 1436519276),
(374, '5BCF323B-AD5C-8901-D2CB-39A883A12820', '43F94D79-8DFD-6856-8DA0-B9ADAB454D4B', 1436386827, 1436386827),
(373, '5BCF323B-AD5C-8901-D2CB-39A883A12820', '43F94D79-8DFD-6856-8DA0-B9ADAB454D4B', 1436386741, 1436386864),
(372, '28B3A86A-5093-1BF5-8C23-E06D70BDD3FB', '875BB2DB-0D6D-B86A-9007-5B082FF4B53D', 1436386693, 1436483288),
(371, '5BCF323B-AD5C-8901-D2CB-39A883A12820', '43F94D79-8DFD-6856-8DA0-B9ADAB454D4B', 1436386686, 1436386686),
(370, '28B3A86A-5093-1BF5-8C23-E06D70BDD3FB', '875BB2DB-0D6D-B86A-9007-5B082FF4B53D', 1436364536, 1436386693),
(369, '5BCF323B-AD5C-8901-D2CB-39A883A12820', '43F94D79-8DFD-6856-8DA0-B9ADAB454D4B', 1436289248, 1436386741),
(368, '28B3A86A-5093-1BF5-8C23-E06D70BDD3FB', '875BB2DB-0D6D-B86A-9007-5B082FF4B53D', 1436289240, 1436289240),
(367, '28B3A86A-5093-1BF5-8C23-E06D70BDD3FB', '875BB2DB-0D6D-B86A-9007-5B082FF4B53D', 1436289209, 1436364536),
(366, '5BCF323B-AD5C-8901-D2CB-39A883A12820', '43F94D79-8DFD-6856-8DA0-B9ADAB454D4B', 1436289200, 1436289200),
(365, '5BCF323B-AD5C-8901-D2CB-39A883A12820', '43F94D79-8DFD-6856-8DA0-B9ADAB454D4B', 1436289151, 1436289248),
(364, '37BB257B-64BC-7371-B88B-A319DEAB7394', '01E36F6E-618F-8CE7-858E-32E85259BCKI', 1436289133, 1436289133),
(363, '37BB257B-64BC-7371-B88B-A319DEAB7394', '01E36F6E-618F-8CE7-858E-32E85259BCKI', 1436288664, 1436782158),
(362, '28B3A86A-5093-1BF5-8C23-E06D70BDD3FB', '875BB2DB-0D6D-B86A-9007-5B082FF4B53D', 1436200186, 1436289209),
(361, '28B3A86A-5093-1BF5-8C23-E06D70BDD3FB', '875BB2DB-0D6D-B86A-9007-5B082FF4B53D', 1436097082, 1436200186),
(360, '28B3A86A-5093-1BF5-8C23-E06D70BDD3FB', '875BB2DB-0D6D-B86A-9007-5B082FF4B53D', 1435789018, 1436097082),
(359, '37BB257B-64BC-7371-B88B-A319DEAB7394', '01E36F6E-618F-8CE7-858E-32E85259BCKI', 1435789006, 1435789006),
(358, '37BB257B-64BC-7371-B88B-A319DEAB7394', '01E36F6E-618F-8CE7-858E-32E85259BCKI', 1435788207, 1436288664),
(357, '28B3A86A-5093-1BF5-8C23-E06D70BDD3FB', '875BB2DB-0D6D-B86A-9007-5B082FF4B53D', 1435788190, 1435788190),
(356, '28B3A86A-5093-1BF5-8C23-E06D70BDD3FB', '875BB2DB-0D6D-B86A-9007-5B082FF4B53D', 1435787712, 1435789018),
(355, '37BB257B-64BC-7371-B88B-A319DEAB7394', '01E36F6E-618F-8CE7-858E-32E85259BCKI', 1435787701, 1435787701),
(354, '37BB257B-64BC-7371-B88B-A319DEAB7394', '01E36F6E-618F-8CE7-858E-32E85259BCKI', 1435787582, 1435788207),
(353, '28B3A86A-5093-1BF5-8C23-E06D70BDD3FB', '875BB2DB-0D6D-B86A-9007-5B082FF4B53D', 1435787575, 1435787575),
(352, '28B3A86A-5093-1BF5-8C23-E06D70BDD3FB', '875BB2DB-0D6D-B86A-9007-5B082FF4B53D', 1435787299, 1435787712),
(351, '5BCF323B-AD5C-8901-D2CB-39A883A12820', '43F94D79-8DFD-6856-8DA0-B9ADAB454D4B', 1435787290, 1435787290),
(350, '5BCF323B-AD5C-8901-D2CB-39A883A12820', '43F94D79-8DFD-6856-8DA0-B9ADAB454D4B', 1435787231, 1436289151),
(349, '37BB257B-64BC-7371-B88B-A319DEAB7394', '01E36F6E-618F-8CE7-858E-32E85259BCKI', 1435787204, 1435787204),
(348, '37BB257B-64BC-7371-B88B-A319DEAB7394', '01E36F6E-618F-8CE7-858E-32E85259BCKI', 1435786574, 1435787582),
(347, '28B3A86A-5093-1BF5-8C23-E06D70BDD3FB', '875BB2DB-0D6D-B86A-9007-5B082FF4B53D', 1435786563, 1435786563),
(346, '28B3A86A-5093-1BF5-8C23-E06D70BDD3FB', '875BB2DB-0D6D-B86A-9007-5B082FF4B53D', 1435707644, 1435787299),
(345, '37BB257B-64BC-7371-B88B-A319DEAB7394', '01E36F6E-618F-8CE7-858E-32E85259BCKI', 1435707633, 1435707633),
(344, '37BB257B-64BC-7371-B88B-A319DEAB7394', '01E36F6E-618F-8CE7-858E-32E85259BCKI', 1435707589, 1435786574),
(343, '28B3A86A-5093-1BF5-8C23-E06D70BDD3FB', '875BB2DB-0D6D-B86A-9007-5B082FF4B53D', 1435707580, 1435707580),
(342, '28B3A86A-5093-1BF5-8C23-E06D70BDD3FB', '875BB2DB-0D6D-B86A-9007-5B082FF4B53D', 1435707416, 1435707644),
(341, '37BB257B-64BC-7371-B88B-A319DEAB7394', '01E36F6E-618F-8CE7-858E-32E85259BCKI', 1435707404, 1435707404),
(340, '37BB257B-64BC-7371-B88B-A319DEAB7394', '01E36F6E-618F-8CE7-858E-32E85259BCKI', 1435707194, 1435707589),
(339, '28B3A86A-5093-1BF5-8C23-E06D70BDD3FB', '875BB2DB-0D6D-B86A-9007-5B082FF4B53D', 1435707182, 1435707182),
(338, '28B3A86A-5093-1BF5-8C23-E06D70BDD3FB', '875BB2DB-0D6D-B86A-9007-5B082FF4B53D', 1435707124, 1435707416),
(337, '28B3A86A-5093-1BF5-8C23-E06D70BDD3FB', '875BB2DB-0D6D-B86A-9007-5B082FF4B53D', 1435707107, 1435707107),
(336, '28B3A86A-5093-1BF5-8C23-E06D70BDD3FB', '875BB2DB-0D6D-B86A-9007-5B082FF4B53D', 1435705013, 1435707124),
(335, 'A57908D2-9A9D-C80D-1E8F-1D0C8170871E', '875BB2DB-0D6D-B86A-9007-5B082FF4B53D', 1435704980, 1435704980),
(334, 'A57908D2-9A9D-C80D-1E8F-1D0C8170871E', '875BB2DB-0D6D-B86A-9007-5B082FF4B53D', 1435704709, 1435705013),
(333, 'A1D7CAEE-C566-B631-2DD6-6326E6BE6DE2', '43F94D79-8DFD-6856-8DA0-B9ADAB454D4B', 1435704561, 1435704561),
(332, 'A1D7CAEE-C566-B631-2DD6-6326E6BE6DE2', '43F94D79-8DFD-6856-8DA0-B9ADAB454D4B', 1435704513, 1435787231),
(331, 'A57908D2-9A9D-C80D-1E8F-1D0C8170871E', '875BB2DB-0D6D-B86A-9007-5B082FF4B53D', 1435704418, 1435704418),
(330, 'A57908D2-9A9D-C80D-1E8F-1D0C8170871E', '875BB2DB-0D6D-B86A-9007-5B082FF4B53D', 1435701345, 1435704709),
(329, 'A57908D2-9A9D-C80D-1E8F-1D0C8170871E', 'A415DC9B-0561-84F2-64DC-2B49FB2967FF', 1435701331, 1435701331),
(328, 'A57908D2-9A9D-C80D-1E8F-1D0C8170871E', 'A415DC9B-0561-84F2-64DC-2B49FB2967FF', 1435700801, NULL),
(327, 'A57908D2-9A9D-C80D-1E8F-1D0C8170871E', '875BB2DB-0D6D-B86A-9007-5B082FF4B53D', 1435700780, 1435700780),
(326, 'A57908D2-9A9D-C80D-1E8F-1D0C8170871E', '875BB2DB-0D6D-B86A-9007-5B082FF4B53D', 1435685686, 1435701345),
(325, 'A57908D2-9A9D-C80D-1E8F-1D0C8170871E', '875BB2DB-0D6D-B86A-9007-5B082FF4B53D', 1435685677, 1435685677),
(324, 'A57908D2-9A9D-C80D-1E8F-1D0C8170871E', '875BB2DB-0D6D-B86A-9007-5B082FF4B53D', 1435669857, 1435685686),
(323, '33F82053-ECB9-0002-42C4-D5B096CD780F', '43F94D79-8DFD-6856-8DA0-B9ADAB454D4B', 1435669847, 1435669847),
(322, '33F82053-ECB9-0002-42C4-D5B096CD780F', '43F94D79-8DFD-6856-8DA0-B9ADAB454D4B', 1435611313, 1435704513),
(321, '086FF3FB-8BCB-7C22-B726-34E2D65F8CC2', '43F94D79-8DFD-6856-8DA0-B9ADAB454D4B', 1435611293, 1435611293),
(320, '086FF3FB-8BCB-7C22-B726-34E2D65F8CC2', '43F94D79-8DFD-6856-8DA0-B9ADAB454D4B', 1435603338, 1435611313),
(319, '5BCF323B-AD5C-8901-D2CB-39A883A12820', '43F94D79-8DFD-6856-8DA0-B9ADAB454D4B', 1435603308, 1435603308),
(318, 'A57908D2-9A9D-C80D-1E8F-1D0C8170871E', '875BB2DB-0D6D-B86A-9007-5B082FF4B53D', 1435602506, 1435669857),
(317, '5BCF323B-AD5C-8901-D2CB-39A883A12820', '43F94D79-8DFD-6856-8DA0-B9ADAB454D4B', 1435602366, 1435603338),
(316, '0BCF323B-AD5C-8901-D2CB-39A883A12820', '01E36F6E-618F-8CE7-858E-32E85259BCKI', 1435602350, 1435602350),
(315, '0BCF323B-AD5C-8901-D2CB-39A883A12820', '01E36F6E-618F-8CE7-858E-32E85259BCKI', 1435602309, 1435707194),
(314, 'A57908D2-9A9D-C80D-1E8F-1D0C8170871E', '875BB2DB-0D6D-B86A-9007-5B082FF4B53D', 1435602300, 1435602300),
(313, 'A57908D2-9A9D-C80D-1E8F-1D0C8170871E', '875BB2DB-0D6D-B86A-9007-5B082FF4B53D', 1435578466, 1435602506),
(312, 'A57908D2-9A9D-C80D-1E8F-1D0C8170871E', '875BB2DB-0D6D-B86A-9007-5B082FF4B53D', 1433335177, 1435578466),
(311, '5BCF323B-AD5C-8901-D2CB-39A883A12820', '43F94D79-8DFD-6856-8DA0-B9ADAB454D4B', 1433335166, 1433335166),
(310, '5BCF323B-AD5C-8901-D2CB-39A883A12820', '43F94D79-8DFD-6856-8DA0-B9ADAB454D4B', 1433334584, 1435602366),
(309, 'A57908D2-9A9D-C80D-1E8F-1D0C8170871E', '875BB2DB-0D6D-B86A-9007-5B082FF4B53D', 1433334572, 1433334572),
(308, 'A57908D2-9A9D-C80D-1E8F-1D0C8170871E', '875BB2DB-0D6D-B86A-9007-5B082FF4B53D', 1433333252, 1433335177),
(307, 'A57908D2-9A9D-C80D-1E8F-1D0C8170871E', '875BB2DB-0D6D-B86A-9007-5B082FF4B53D', 1431509964, 1433333252),
(306, 'A57908D2-9A9D-C80D-1E8F-1D0C8170871E', '875BB2DB-0D6D-B86A-9007-5B082FF4B53D', 1429887998, 1431509964),
(305, 'A57908D2-9A9D-C80D-1E8F-1D0C8170871E', '875BB2DB-0D6D-B86A-9007-5B082FF4B53D', 1428937601, 1429887998),
(304, '0BCF323B-AD5C-8901-D2CB-39A883A12820', '01E36F6E-618F-8CE7-858E-32E85259BCKI', 1428503217, 1435602309),
(303, 'A57908D2-9A9D-C80D-1E8F-1D0C8170871E', '875BB2DB-0D6D-B86A-9007-5B082FF4B53D', 1428502910, 1428937601),
(302, 'A57908D2-9A9D-C80D-1E8F-1D0C8170871E', '875BB2DB-0D6D-B86A-9007-5B082FF4B53D', 1428427331, 1428502910),
(301, 'A57908D2-9A9D-C80D-1E8F-1D0C8170871E', '875BB2DB-0D6D-B86A-9007-5B082FF4B53D', 1428410737, 1428427331),
(300, '5BCF323B-AD5C-8901-D2CB-39A883A12820', '43F94D79-8DFD-6856-8DA0-B9ADAB454D4B', 1427931441, 1433334584),
(299, 'A57908D2-9A9D-C80D-1E8F-1D0C8170871E', '875BB2DB-0D6D-B86A-9007-5B082FF4B53D', 1427931432, 1427931432),
(298, 'A57908D2-9A9D-C80D-1E8F-1D0C8170871E', '875BB2DB-0D6D-B86A-9007-5B082FF4B53D', 1427931399, 1428410737),
(297, '0BCF323B-AD5C-8901-D2CB-39A883A12820', '01E36F6E-618F-8CE7-858E-32E85259BCKI', 1427931391, 1427931391),
(296, '0BCF323B-AD5C-8901-D2CB-39A883A12820', '01E36F6E-618F-8CE7-858E-32E85259BCKI', 1427931363, 1428503217),
(295, '5BCF323B-AD5C-8901-D2CB-39A883A12820', '43F94D79-8DFD-6856-8DA0-B9ADAB454D4B', 1427931352, 1427931352),
(294, '5BCF323B-AD5C-8901-D2CB-39A883A12820', '43F94D79-8DFD-6856-8DA0-B9ADAB454D4B', 1427929780, 1427931441),
(293, '0BCF323B-AD5C-8901-D2CB-39A883A12820', '01E36F6E-618F-8CE7-858E-32E85259BCKI', 1427929770, 1427929770),
(292, '0BCF323B-AD5C-8901-D2CB-39A883A12820', '01E36F6E-618F-8CE7-858E-32E85259BCKI', 1427929576, 1427931363),
(291, 'A57908D2-9A9D-C80D-1E8F-1D0C8170871E', '875BB2DB-0D6D-B86A-9007-5B082FF4B53D', 1427929570, 1427929570),
(290, 'A57908D2-9A9D-C80D-1E8F-1D0C8170871E', '875BB2DB-0D6D-B86A-9007-5B082FF4B53D', 1427929442, 1427931399),
(289, '5BCF323B-AD5C-8901-D2CB-39A883A12820', '43F94D79-8DFD-6856-8DA0-B9ADAB454D4B', 1427929436, 1427929436),
(288, '0BCF323B-AD5C-8901-D2CB-39A883A12820', '01E36F6E-618F-8CE7-858E-32E85259BCKI', 1427929416, 1427929576),
(287, '5BCF323B-AD5C-8901-D2CB-39A883A12820', '43F94D79-8DFD-6856-8DA0-B9ADAB454D4B', 1427901163, 1427929780),
(286, '5BCF323B-AD5C-8901-D2CB-39A883A12820', '43F94D79-8DFD-6856-8DA0-B9ADAB454D4B', 1427900674, 1427900674),
(285, '5BCF323B-AD5C-8901-D2CB-39A883A12820', '43F94D79-8DFD-6856-8DA0-B9ADAB454D4B', 1427900550, 1427901163),
(284, 'A57908D2-9A9D-C80D-1E8F-1D0C8170871E', '875BB2DB-0D6D-B86A-9007-5B082FF4B53D', 1427900541, 1427900541),
(283, '5BCF323B-AD5C-8901-D2CB-39A883A12820', '43F94D79-8DFD-6856-8DA0-B9ADAB454D4B', 1427897501, 1427900550),
(282, 'A57908D2-9A9D-C80D-1E8F-1D0C8170871E', '875BB2DB-0D6D-B86A-9007-5B082FF4B53D', 1427897239, 1427929442),
(281, 'A57908D2-9A9D-C80D-1E8F-1D0C8170871E', '875BB2DB-0D6D-B86A-9007-5B082FF4B53D', 1425565561, 1427897239),
(280, '0BCF323B-AD5C-8901-D2CB-39A883A12820', '01E36F6E-618F-8CE7-858E-32E85259BCKI', 1424761510, 1427929416),
(279, 'A57908D2-9A9D-C80D-1E8F-1D0C8170871E', '875BB2DB-0D6D-B86A-9007-5B082FF4B53D', 1424344830, 1425565561),
(278, '0BCF323B-AD5C-8901-D2CB-39A883A12820', '01E36F6E-618F-8CE7-858E-32E85259BCKI', 1424025028, 1424025028),
(277, '0BCF323B-AD5C-8901-D2CB-39A883A12820', '01E36F6E-618F-8CE7-858E-32E85259BCKI', 1423962734, 1424761510),
(276, '0BCF323B-AD5C-8901-D2CB-39A883A12820', '01E36F6E-618F-8CE7-858E-32E85259BCKI', 1423652485, 1423962734),
(275, 'A57908D2-9A9D-C80D-1E8F-1D0C8170871E', '875BB2DB-0D6D-B86A-9007-5B082FF4B53D', 1423652477, 1423652477),
(274, 'A57908D2-9A9D-C80D-1E8F-1D0C8170871E', '875BB2DB-0D6D-B86A-9007-5B082FF4B53D', 1423651646, 1424344830),
(273, '0BCF323B-AD5C-8901-D2CB-39A883A12820', '01E36F6E-618F-8CE7-858E-32E85259BCKI', 1423651634, 1423651634),
(272, '5BCF323B-AD5C-8901-D2CB-39A883A12820', '43F94D79-8DFD-6856-8DA0-B9ADAB454D4B', 1423125756, 1427897501),
(271, '0BCF323B-AD5C-8901-D2CB-39A883A12820', '01E36F6E-618F-8CE7-858E-32E85259BCKI', 1422475380, 1423652485),
(270, 'A57908D2-9A9D-C80D-1E8F-1D0C8170871E', '875BB2DB-0D6D-B86A-9007-5B082FF4B53D', 1422475369, 1422475369),
(269, 'A57908D2-9A9D-C80D-1E8F-1D0C8170871E', '875BB2DB-0D6D-B86A-9007-5B082FF4B53D', 1422442657, 1423651646),
(268, '5BCF323B-AD5C-8901-D2CB-39A883A12820', '43F94D79-8DFD-6856-8DA0-B9ADAB454D4B', 1422272115, 1422272115),
(267, '5BCF323B-AD5C-8901-D2CB-39A883A12820', '43F94D79-8DFD-6856-8DA0-B9ADAB454D4B', 1422272089, 1423125756),
(266, '0BCF323B-AD5C-8901-D2CB-39A883A12820', '01E36F6E-618F-8CE7-858E-32E85259BCKI', 1422272074, 1422272074),
(265, '0BCF323B-AD5C-8901-D2CB-39A883A12820', '01E36F6E-618F-8CE7-858E-32E85259BCKI', 1422272044, 1422475380),
(264, 'A57908D2-9A9D-C80D-1E8F-1D0C8170871E', '875BB2DB-0D6D-B86A-9007-5B082FF4B53D', 1422272029, 1422272029),
(263, 'A57908D2-9A9D-C80D-1E8F-1D0C8170871E', '875BB2DB-0D6D-B86A-9007-5B082FF4B53D', 1422271882, 1422442657),
(262, '0BCF323B-AD5C-8901-D2CB-39A883A12820', '01E36F6E-618F-8CE7-858E-32E85259BCKI', 1422271869, 1422271869);

-- --------------------------------------------------------

--
-- Структура таблицы `cp_binding`
--

CREATE TABLE `cp_binding` (
  `id` int(11) NOT NULL AUTO_INCREMENT,
  `cid` char(40) NOT NULL,
  `pid` char(40) NOT NULL,
  PRIMARY KEY (`id`),
  UNIQUE KEY `id` (`id`),
  KEY `cid` (`cid`,`pid`)
) ENGINE=MyISAM  DEFAULT CHARSET=utf8 AUTO_INCREMENT=191 ;

--
-- Дамп данных таблицы `cp_binding`
--

INSERT INTO `cp_binding` (`id`, `cid`, `pid`) VALUES
(50, 'BF0A1F6C-3A33-8950-1E93-3D09330F7BA4', '67a7b713-8367-47fd-b5ae-198165e4e11d'),
(49, 'A1D7CAEE-C566-B631-2DD6-6326E6BE6DE2', 'E2BB64ED-0FF0-FC30-56FE-2FEE378FD36A'),
(45, '33F82053-ECB9-0002-42C4-D5B096CD780F', 'C897FB38-A191-D4F8-AF5A-DA418FDAEF5A'),
(187, '086FF3FB-8BCB-7C22-B726-34E2D65F8CC2', '57eeb965-0b5b-4196-ba3c-923d3a5d1c6e'),
(183, '086FF3FB-8BCB-7C22-B726-34E2D65F8CC2', '67a7b713-8367-47fd-b5ae-198165e4e11d'),
(169, '3D64F5DB-DEFB-05BC-5266-21E711B68A36', 'e2409c8d-0b3d-4f47-a55f-0408190b2dab'),
(168, '3D64F5DB-DEFB-05BC-5266-21E711B68A36', '80c5bdd0-033e-42ea-8c35-0faa5e4325b7'),
(167, '3D64F5DB-DEFB-05BC-5266-21E711B68A36', '67a7b713-8367-47fd-b5ae-198165e4e11d'),
(48, 'A1D7CAEE-C566-B631-2DD6-6326E6BE6DE2', 'C897FB38-A191-D4F8-AF5A-DA418FDAEF5A'),
(47, 'A1D7CAEE-C566-B631-2DD6-6326E6BE6DE2', 'A8A0D718-216A-0125-CDD9-3B663475FE23'),
(46, '33F82053-ECB9-0002-42C4-D5B096CD780F', 'E2BB64ED-0FF0-FC30-56FE-2FEE378FD36A'),
(159, 'AD617D59-C0EE-86B2-91E2-EACB92BB54AA', '67a7b713-8367-47fd-b5ae-198165e4e11d'),
(51, 'BF0A1F6C-3A33-8950-1E93-3D09330F7BA4', '80c5bdd0-033e-42ea-8c35-0faa5e4325b7'),
(52, 'BF0A1F6C-3A33-8950-1E93-3D09330F7BA4', 'fdaf47a7-8d95-4803-9bf4-6e4a3bbffcf1'),
(53, 'BF0A1F6C-3A33-8950-1E93-3D09330F7BA4', 'cce06643-8a0d-4103-b9c7-543ab7958f9e'),
(54, 'BF0A1F6C-3A33-8950-1E93-3D09330F7BA4', '8c1a7996-9dbb-4255-a095-185030c6ce8a'),
(55, 'BF0A1F6C-3A33-8950-1E93-3D09330F7BA4', '6b0ebda5-de4c-4fe7-bfae-274872b53925'),
(56, 'BF0A1F6C-3A33-8950-1E93-3D09330F7BA4', '236d8ccc-27c4-4c74-b605-7d38d56858b3'),
(57, 'BF0A1F6C-3A33-8950-1E93-3D09330F7BA4', '32045ca4-b3c2-467f-a790-031439cf94ae'),
(58, 'BF0A1F6C-3A33-8950-1E93-3D09330F7BA4', '5fee4ce0-e031-467e-bb37-5b60c056b6dc'),
(59, 'BF0A1F6C-3A33-8950-1E93-3D09330F7BA4', '4a5b1dfb-67cd-4b04-b852-10ce5f54dfd6'),
(60, 'BF0A1F6C-3A33-8950-1E93-3D09330F7BA4', '55a25bef-aec6-43e0-9c94-d8f0a7ef78cf'),
(61, 'BF0A1F6C-3A33-8950-1E93-3D09330F7BA4', '06b7baed-5283-4ae9-a374-3099088741c8'),
(62, 'BF0A1F6C-3A33-8950-1E93-3D09330F7BA4', '236d8ccc-27c4-4c74-b605-7d38d56858c3'),
(63, 'BF0A1F6C-3A33-8950-1E93-3D09330F7BA4', 'd0ae5064-5c6b-4de8-9c1a-a1fd94c88455'),
(64, 'BF0A1F6C-3A33-8950-1E93-3D09330F7BA4', '57eeb965-0b5b-4196-ba3c-923d3a5d1c6e'),
(65, 'BF0A1F6C-3A33-8950-1E93-3D09330F7BA4', '37c44650-fac5-4f30-b847-1d3ed286ff97'),
(66, 'BF0A1F6C-3A33-8950-1E93-3D09330F7BA4', 'e2409c8d-0b3d-4f47-a55f-0408190b2dab'),
(67, 'BF0A1F6C-3A33-8950-1E93-3D09330F7BA4', 'de30dfd3-123c-4821-8874-d4bb7c412566'),
(68, 'BF0A1F6C-3A33-8950-1E93-3D09330F7BA4', 'dd121f1c-e83e-4b73-92cd-a50f691156ba'),
(69, 'BF0A1F6C-3A33-8950-1E93-3D09330F7BA4', 'd93eee1d-56cb-4cd3-9177-b34964a2ee98'),
(70, 'BF0A1F6C-3A33-8950-1E93-3D09330F7BA4', 'd632c681-0d93-4bc8-ac88-456f927218fe'),
(71, 'BF0A1F6C-3A33-8950-1E93-3D09330F7BA4', 'ced8fc61-0d3d-45f9-aed5-461685572f63'),
(72, 'BF0A1F6C-3A33-8950-1E93-3D09330F7BA4', 'c5d2514f-68c5-43cd-9809-26779c71452d'),
(73, 'BF0A1F6C-3A33-8950-1E93-3D09330F7BA4', 'becc8023-bad2-463e-ab1a-b443fe63a8bb'),
(74, 'BF0A1F6C-3A33-8950-1E93-3D09330F7BA4', 'bb225766-e30b-48ef-ac37-2184a3d878d8'),
(75, 'BF0A1F6C-3A33-8950-1E93-3D09330F7BA4', 'b3563f98-5678-4836-8655-0d23399b3ac7'),
(76, 'BF0A1F6C-3A33-8950-1E93-3D09330F7BA4', 'a92bdb9f-0f06-42c5-85d3-f5e1365067e6'),
(77, 'BF0A1F6C-3A33-8950-1E93-3D09330F7BA4', 'a5d15871-8a6d-44c5-a75f-fe2837e90b30'),
(78, 'BF0A1F6C-3A33-8950-1E93-3D09330F7BA4', '9ce075ce-8ad9-4ea6-925a-143a955a26de'),
(79, 'BF0A1F6C-3A33-8950-1E93-3D09330F7BA4', '9243c584-f68b-4bb6-9c46-edff23e6e215'),
(80, 'BF0A1F6C-3A33-8950-1E93-3D09330F7BA4', '835a2ae3-deca-4fef-8846-a4d944121a61'),
(81, 'BF0A1F6C-3A33-8950-1E93-3D09330F7BA4', '8055458c-26dd-46cd-b904-8c09cbc4fc20'),
(82, 'BF0A1F6C-3A33-8950-1E93-3D09330F7BA4', '7ba5b18f-0f8e-458c-b214-e8ba9e0f0ea4'),
(83, 'BF0A1F6C-3A33-8950-1E93-3D09330F7BA4', '6d2b6a48-a300-4b2d-aa86-a820e5b730d7'),
(84, 'BF0A1F6C-3A33-8950-1E93-3D09330F7BA4', '69112c77-c5d9-41b6-bc44-999f597aa1a7'),
(85, 'BF0A1F6C-3A33-8950-1E93-3D09330F7BA4', '5bc32ab8-3ada-45d7-ada3-745d8a7b764d'),
(86, 'BF0A1F6C-3A33-8950-1E93-3D09330F7BA4', '42aeae15-6d85-4e78-8358-64984964979c'),
(87, 'BF0A1F6C-3A33-8950-1E93-3D09330F7BA4', '26ac8fe7-55b1-461b-8d6f-4035d648eefa'),
(88, 'BF0A1F6C-3A33-8950-1E93-3D09330F7BA4', '1ddeddc8-47a2-4900-a1ba-8fdce2c8e43d'),
(89, 'BF0A1F6C-3A33-8950-1E93-3D09330F7BA4', '1a3de5be-220e-408d-bfd2-c2701cee299a'),
(90, 'BF0A1F6C-3A33-8950-1E93-3D09330F7BA4', '19477a5d-c2d5-46c4-a96a-26d1bcadb465'),
(91, 'BF0A1F6C-3A33-8950-1E93-3D09330F7BA4', '0d09ef4c-acb7-4ce7-8af4-6b04a3587186'),
(92, 'BF0A1F6C-3A33-8950-1E93-3D09330F7BA4', '0856cf60-0c65-491a-b8bd-3e6a0311a6d7'),
(93, 'BF0A1F6C-3A33-8950-1E93-3D09330F7BA4', '02224883-3ec7-4f13-8c77-23af12959291'),
(94, 'BF0A1F6C-3A33-8950-1E93-3D09330F7BA4', '80c5bdd0-033e-42ea-8c35-0faa5e4325b6'),
(160, 'AD617D59-C0EE-86B2-91E2-EACB92BB54AA', '57eeb965-0b5b-4196-ba3c-923d3a5d1c6e'),
(161, 'AD617D59-C0EE-86B2-91E2-EACB92BB54AA', '9243c584-f68b-4bb6-9c46-edff23e6e215'),
(189, '086FF3FB-8BCB-7C22-B726-34E2D65F8CC2', '80c5bdd0-033e-42ea-8c35-0faa5e4325b6'),
(173, '3D64F5DB-DEFB-05BC-5266-21E711B68A36', 'E2BB64ED-0FF0-FC30-56FE-2FEE378FD36A'),
(190, '086FF3FB-8BCB-7C22-B726-34E2D65F8CC2', 'A8A0D718-216A-0125-CDD9-3B663475FE23'),
(153, 'E6D2508F-B00B-A25B-FAED-018F54052675', 'E2BB64ED-0FF0-FC30-56FE-2FEE378FD36A'),
(162, 'AD617D59-C0EE-86B2-91E2-EACB92BB54AA', 'E2BB64ED-0FF0-FC30-56FE-2FEE378FD36A'),
(186, '086FF3FB-8BCB-7C22-B726-34E2D65F8CC2', '236d8ccc-27c4-4c74-b605-7d38d56858b3'),
(175, '5BCF323B-AD5C-8901-D2CB-39A883A12820', 'C897FB38-A191-D4F8-AF5A-DA418FDAEF5A'),
(172, '3D64F5DB-DEFB-05BC-5266-21E711B68A36', 'C897FB38-A191-D4F8-AF5A-DA418FDAEF5A'),
(171, '3D64F5DB-DEFB-05BC-5266-21E711B68A36', '02224883-3ec7-4f13-8c77-23af12959291'),
(188, '086FF3FB-8BCB-7C22-B726-34E2D65F8CC2', '0856cf60-0c65-491a-b8bd-3e6a0311a6d7'),
(174, '5BCF323B-AD5C-8901-D2CB-39A883A12820', 'A8A0D718-216A-0125-CDD9-3B663475FE23'),
(152, 'E6D2508F-B00B-A25B-FAED-018F54052675', '67a7b713-8367-47fd-b5ae-198165e4e11d'),
(170, '3D64F5DB-DEFB-05BC-5266-21E711B68A36', '8055458c-26dd-46cd-b904-8c09cbc4fc20'),
(184, '086FF3FB-8BCB-7C22-B726-34E2D65F8CC2', '80c5bdd0-033e-42ea-8c35-0faa5e4325b7'),
(185, '086FF3FB-8BCB-7C22-B726-34E2D65F8CC2', 'fdaf47a7-8d95-4803-9bf4-6e4a3bbffcf1'),
(176, '5BCF323B-AD5C-8901-D2CB-39A883A12820', 'E2BB64ED-0FF0-FC30-56FE-2FEE378FD36A');

-- --------------------------------------------------------

--
-- Структура таблицы `cs_binding`
--

CREATE TABLE `cs_binding` (
  `id` int(10) NOT NULL AUTO_INCREMENT,
  `cid` char(40) NOT NULL,
  `sid` char(40) NOT NULL,
  PRIMARY KEY (`id`),
  UNIQUE KEY `id` (`id`)
) ENGINE=MyISAM  DEFAULT CHARSET=utf8 AUTO_INCREMENT=99 ;

--
-- Дамп данных таблицы `cs_binding`
--

INSERT INTO `cs_binding` (`id`, `cid`, `sid`) VALUES
(94, '5BCF323B-AD5C-8901-D2CB-39A883A12820', 'EE7BE5D7-96A9-A783-992F-D28878E9B297'),
(93, '5BCF323B-AD5C-8901-D2CB-39A883A12820', '149FEB35-8377-CD4E-4C4B-587298EB8067'),
(77, 'AD617D59-C0EE-86B2-91E2-EACB92BB54AA', 'EE7BE5D7-96A9-A783-992F-D28878E9B297'),
(76, 'AD617D59-C0EE-86B2-91E2-EACB92BB54AA', '6725c853-9a71-4310-8880-33a26f373297'),
(92, '5BCF323B-AD5C-8901-D2CB-39A883A12820', 'A03C2E6D-419D-1BD6-2D79-D1F6E8546BA2'),
(71, 'E6D2508F-B00B-A25B-FAED-018F54052675', 'EE7BE5D7-96A9-A783-992F-D28878E9B297'),
(70, 'E6D2508F-B00B-A25B-FAED-018F54052675', '6725c853-9a71-4310-8880-33a26f373297'),
(62, '', 'EE7BE5D7-96A9-A783-992F-D28878E9B297'),
(61, '', '149FEB35-8377-CD4E-4C4B-587298EB8067'),
(89, '3D64F5DB-DEFB-05BC-5266-21E711B68A36', '0e595b15-5c90-48ab-a5be-9461ce0ce274'),
(88, '3D64F5DB-DEFB-05BC-5266-21E711B68A36', '36689cac-6845-4a32-9faa-c395fc7c5f0d'),
(87, '3D64F5DB-DEFB-05BC-5266-21E711B68A36', '437ac4fb-9446-4660-a446-194f4d62fe3c'),
(86, '3D64F5DB-DEFB-05BC-5266-21E711B68A36', '477156f3-1c80-4d53-8348-5a27fb5d6af7'),
(85, '3D64F5DB-DEFB-05BC-5266-21E711B68A36', '52a4b0e0-6d36-47c0-a708-bea31e8ff727'),
(84, '3D64F5DB-DEFB-05BC-5266-21E711B68A36', '58c918ba-84d5-4f33-99bc-607e871c7142'),
(42, 'BF0A1F6C-3A33-8950-1E93-3D09330F7BA4', '384D695C-3AD4-C656-5E1B-8C83B6BD4C3F'),
(41, 'BF0A1F6C-3A33-8950-1E93-3D09330F7BA4', '1283CE55-70CB-AB1C-04D9-E61C2F7E7342'),
(40, 'BF0A1F6C-3A33-8950-1E93-3D09330F7BA4', '02B3B158-3D0E-6409-323B-3BA1178E2FFA'),
(50, 'A1D7CAEE-C566-B631-2DD6-6326E6BE6DE2', 'A03C2E6D-419D-1BD6-2D79-D1F6E8546BA2'),
(49, '33F82053-ECB9-0002-42C4-D5B096CD780F', 'EE7BE5D7-96A9-A783-992F-D28878E9B297'),
(48, '33F82053-ECB9-0002-42C4-D5B096CD780F', '149FEB35-8377-CD4E-4C4B-587298EB8067'),
(51, 'A1D7CAEE-C566-B631-2DD6-6326E6BE6DE2', '149FEB35-8377-CD4E-4C4B-587298EB8067'),
(97, '086FF3FB-8BCB-7C22-B726-34E2D65F8CC2', '0e595b15-5c90-48ab-a5be-9461ce0ce274'),
(96, '086FF3FB-8BCB-7C22-B726-34E2D65F8CC2', '437ac4fb-9446-4660-a446-194f4d62fe3c'),
(83, '3D64F5DB-DEFB-05BC-5266-21E711B68A36', '6725c853-9a71-4310-8880-33a26f373297'),
(52, 'A1D7CAEE-C566-B631-2DD6-6326E6BE6DE2', 'EE7BE5D7-96A9-A783-992F-D28878E9B297'),
(91, '5BCF323B-AD5C-8901-D2CB-39A883A12820', '0e595b15-5c90-48ab-a5be-9461ce0ce274'),
(90, '5BCF323B-AD5C-8901-D2CB-39A883A12820', '6725c853-9a71-4310-8880-33a26f373297'),
(98, '086FF3FB-8BCB-7C22-B726-34E2D65F8CC2', 'A03C2E6D-419D-1BD6-2D79-D1F6E8546BA2');

-- --------------------------------------------------------

--
-- Структура таблицы `error_log`
--

CREATE TABLE `error_log` (
  `id` int(7) NOT NULL AUTO_INCREMENT,
  `REMOTE_ADDR` char(45) NOT NULL,
  `uid` char(40) DEFAULT NULL,
  `error_description` text NOT NULL,
  `datetime` int(12) NOT NULL,
  UNIQUE KEY `id` (`id`),
  KEY `id_2` (`id`)
) ENGINE=MyISAM  DEFAULT CHARSET=utf8 AUTO_INCREMENT=85 ;

--
-- Дамп данных таблицы `error_log`
--

INSERT INTO `error_log` (`id`, `REMOTE_ADDR`, `uid`, `error_description`, `datetime`) VALUES
(84, '192.168.0.103', '', 'Пользователь с логином operator не найден', 1436519394),
(83, '192.168.0.103', '', 'Пользователь с логином operator не найден', 1436519393),
(82, '192.168.0.103', '', 'Пользователь с логином operator не найден', 1436519392),
(81, '192.168.0.103', '', 'Пользователь с логином operator не найден', 1436519379),
(80, '::1', '', 'Пользователь с логином admin не найден', 1435705007),
(79, '::1', '', 'Пользователь с логином admin не найден', 1435705001),
(78, '::1', '', 'Запрещен доступ для пользователя в роли 0', 1435704579),
(77, '::1', '', 'Пользователь с логином operator не найден', 1435603330),
(76, '::1', '', 'Пользователь с логином operator не найден', 1435603325),
(75, '10.0.0.3', '', 'Пользователь с логином gonzarova не найден', 1427897481),
(74, '10.0.0.3', '', 'Пользователь с логином gonzarova не найден', 1427897466),
(73, '10.0.0.3', '', 'Пользователь с логином gonzarova не найден', 1427897448),
(72, '10.0.0.3', '', 'Пользователь с логином gonzarova не найден', 1427897432);

-- --------------------------------------------------------

--
-- Структура таблицы `oc_binding`
--

CREATE TABLE `oc_binding` (
  `id` int(11) NOT NULL AUTO_INCREMENT,
  `oid` char(40) NOT NULL,
  `cid` char(40) NOT NULL,
  PRIMARY KEY (`id`)
) ENGINE=MyISAM  DEFAULT CHARSET=utf8 AUTO_INCREMENT=46 ;

--
-- Дамп данных таблицы `oc_binding`
--

INSERT INTO `oc_binding` (`id`, `oid`, `cid`) VALUES
(3, '0ae58cb8-9b4e-49e9-bcff-58b57bd4be3f', '33F82053-ECB9-0002-42C4-D5B096CD780F'),
(45, '0ae58cb8-9b4e-49e9-bcff-58b57bd4be3f', '086FF3FB-8BCB-7C22-B726-34E2D65F8CC2'),
(42, '170d6240-5d0f-4914-8fd5-b152691fc4b3', '3D64F5DB-DEFB-05BC-5266-21E711B68A36'),
(8, '19a7ca8f-9eb4-413c-a373-33265ebf0dd4', ''),
(9, '170d6240-5d0f-4914-8fd5-b152691fc4b3', ''),
(43, '170d6240-5d0f-4914-8fd5-b152691fc4b3', '5BCF323B-AD5C-8901-D2CB-39A883A12820'),
(28, '53e2906c-8381-49af-be4d-0b52ad3c7905', 'E6D2508F-B00B-A25B-FAED-018F54052675');

-- --------------------------------------------------------

--
-- Структура таблицы `op_binding`
--

CREATE TABLE `op_binding` (
  `id` int(11) NOT NULL AUTO_INCREMENT,
  `oid` char(40) NOT NULL,
  `pid` char(40) NOT NULL,
  PRIMARY KEY (`id`)
) ENGINE=MyISAM  DEFAULT CHARSET=utf8 AUTO_INCREMENT=1538 ;

--
-- Дамп данных таблицы `op_binding`
--

INSERT INTO `op_binding` (`id`, `oid`, `pid`) VALUES
(1482, '01cc95a7-09d0-4136-92ee-79add03e8c68', 'cce06643-8a0d-4103-b9c7-543ab7958f9e'),
(1481, '3da2998b-ed2d-476d-8339-347b64ee712e', 'cce06643-8a0d-4103-b9c7-543ab7958f9e'),
(1480, '1ebb067d-3b6f-4639-899f-bd79657920a7', 'cce06643-8a0d-4103-b9c7-543ab7958f9e'),
(1479, '5bc7392f-0aec-46d5-b0d0-98d5859367d7', 'cce06643-8a0d-4103-b9c7-543ab7958f9e'),
(1478, '72c39393-bbd0-4519-83e0-76819fb850c3', 'cce06643-8a0d-4103-b9c7-543ab7958f9e'),
(1477, '71507ccc-4f2c-42de-bae1-50225cf25705', 'cce06643-8a0d-4103-b9c7-543ab7958f9e'),
(1476, 'fb80701f-57e2-4e17-b9c5-409328bc672e', 'cce06643-8a0d-4103-b9c7-543ab7958f9e'),
(1464, '641e4d3e-8629-4306-bb31-41d6e6af4711', 'cce06643-8a0d-4103-b9c7-543ab7958f9e'),
(1474, '0ac801cf-ca53-47d1-93f3-0516b6b2927b', 'cce06643-8a0d-4103-b9c7-543ab7958f9e'),
(1463, 'e089277e-f57d-49e7-ad0a-171d3445070f', 'cce06643-8a0d-4103-b9c7-543ab7958f9e'),
(1473, '0594d364-7d24-438b-994b-c1c725bcb046', 'cce06643-8a0d-4103-b9c7-543ab7958f9e'),
(1472, '3501f2da-1e5f-4f79-ab19-4ae6ee468c4b', 'cce06643-8a0d-4103-b9c7-543ab7958f9e'),
(1471, '0239a83f-2878-4ba8-9841-7704e37db34b', 'cce06643-8a0d-4103-b9c7-543ab7958f9e'),
(1470, '279d09cf-ff66-4526-9aeb-1a12072d9262', 'cce06643-8a0d-4103-b9c7-543ab7958f9e'),
(1166, '1b25d740-3fc0-4cc3-8a9e-d27832699793', '236d8ccc-27c4-4c74-b605-7d38d56858b3'),
(1441, '437dd5ba-09e8-4abb-b422-058c68140be0', 'a92bdb9f-0f06-42c5-85d3-f5e1365067e6'),
(1469, 'f4fc3eb8-e924-4af2-a8ed-94eaafe62fc4', 'cce06643-8a0d-4103-b9c7-543ab7958f9e'),
(1468, '29af9a52-de49-42fc-91af-6dd1e1ad8bf0', 'cce06643-8a0d-4103-b9c7-543ab7958f9e'),
(1467, '38e7a496-1d68-4d43-a279-8070e197bb19', 'cce06643-8a0d-4103-b9c7-543ab7958f9e'),
(1462, '60120c14-7ebe-47f9-b9b5-301e2b3f5371', 'cce06643-8a0d-4103-b9c7-543ab7958f9e'),
(1490, '45b917ad-a5b2-4aaa-9305-4b8ca9fe649e', 'cce06643-8a0d-4103-b9c7-543ab7958f9e'),
(1461, '3c4fd1db-6888-4145-861b-7bdd5962a1a9', 'cce06643-8a0d-4103-b9c7-543ab7958f9e'),
(1466, '205126e6-32fe-4428-898b-9cc80d345b92', 'cce06643-8a0d-4103-b9c7-543ab7958f9e'),
(1171, '5a1e18cc-c50f-472f-a079-e6d768f0e3c6', '236d8ccc-27c4-4c74-b605-7d38d56858b3'),
(1181, '2bacb986-6b91-477a-9ed9-71c9daeae350', '236d8ccc-27c4-4c74-b605-7d38d56858b3'),
(1183, '082a828a-4717-4679-9661-6aabdb85b562', '236d8ccc-27c4-4c74-b605-7d38d56858b3'),
(1197, '205126e6-32fe-4428-898b-9cc80d345b92', '236d8ccc-27c4-4c74-b605-7d38d56858b3'),
(1207, '5b859314-99f0-41eb-be57-89c97f517aa8', '236d8ccc-27c4-4c74-b605-7d38d56858b3'),
(1218, '43e4e062-d676-4e89-af21-763a47fabe6f', '236d8ccc-27c4-4c74-b605-7d38d56858b3'),
(1220, '007f1136-549d-4318-88bd-b1bce752c52d', '236d8ccc-27c4-4c74-b605-7d38d56858b3'),
(1235, 'd4bc1178-5390-494a-a1e9-3d795d68690f', '236d8ccc-27c4-4c74-b605-7d38d56858b3'),
(1238, '19a92111-d7be-4422-80af-0a4d7b223126', '236d8ccc-27c4-4c74-b605-7d38d56858b3'),
(1241, '2cea0bdc-bcb8-4628-80de-f2cff14c4641', '236d8ccc-27c4-4c74-b605-7d38d56858b3'),
(1244, '0f727f57-17ac-458e-b059-1d699537a039', '236d8ccc-27c4-4c74-b605-7d38d56858b3'),
(1245, '3da2998b-ed2d-476d-8339-347b64ee712e', '236d8ccc-27c4-4c74-b605-7d38d56858b3'),
(1259, '336c5665-d9d0-4fd6-b55f-440035fa2b87', '236d8ccc-27c4-4c74-b605-7d38d56858b3'),
(1260, '26f7be3b-988f-4616-9d85-0aad5b06419f', '236d8ccc-27c4-4c74-b605-7d38d56858b3'),
(1279, '8c5d1742-eec0-4a3d-a256-23ba8415443e', '236d8ccc-27c4-4c74-b605-7d38d56858b3'),
(1299, '21fe59ca-992c-45af-9c74-559f7f688498', '236d8ccc-27c4-4c74-b605-7d38d56858b3'),
(1311, 'ff852caa-19b0-40e5-9fc5-d60f582d7d5c', '236d8ccc-27c4-4c74-b605-7d38d56858b3'),
(1323, '8769aa40-73b3-4444-b857-660ee0e9a6bb', '57eeb965-0b5b-4196-ba3c-923d3a5d1c6e'),
(1350, '89086806-5875-4ead-afe6-c840525dfaea', '57eeb965-0b5b-4196-ba3c-923d3a5d1c6e'),
(1351, '7b6818b4-8758-40c0-9e42-cb9a33959a15', '57eeb965-0b5b-4196-ba3c-923d3a5d1c6e'),
(1388, '0ac801cf-ca53-47d1-93f3-0516b6b2927b', '67a7b713-8367-47fd-b5ae-198165e4e11d'),
(1398, '57512671-ad58-4730-9c19-43931d0ed5e1', '67a7b713-8367-47fd-b5ae-198165e4e11d'),
(1409, '595cfff8-1c86-47ad-bd02-f1dae692de52', '67a7b713-8367-47fd-b5ae-198165e4e11d'),
(1417, '06ec11fb-8bbd-4ce0-a2bf-1551f77e1d92', '67a7b713-8367-47fd-b5ae-198165e4e11d'),
(1421, '6e91ea4a-c178-4c97-b575-2419125d5b57', '67a7b713-8367-47fd-b5ae-198165e4e11d'),
(1434, '61f7824f-a443-48d2-bba7-b8335b543293', '80c5bdd0-033e-42ea-8c35-0faa5e4325b6'),
(1459, '0f73da7e-1781-4216-bfe2-4ceebd9804cd', 'cce06643-8a0d-4103-b9c7-543ab7958f9e'),
(1164, '08e25246-6e97-43c6-a638-c060d120c761', '236d8ccc-27c4-4c74-b605-7d38d56858b3'),
(1163, '11c07d97-9d33-4f6e-86bc-7a936bb4b75f', '236d8ccc-27c4-4c74-b605-7d38d56858b3'),
(1465, '0994bc5c-7fb9-4728-b8b5-04d2b022004d', 'cce06643-8a0d-4103-b9c7-543ab7958f9e'),
(1161, '5e16f3eb-b9b6-4313-9c75-d19dc23039e8', '236d8ccc-27c4-4c74-b605-7d38d56858b3'),
(1159, '7b353e0b-7b53-4c1a-9ff8-5c3680b8d569', '236d8ccc-27c4-4c74-b605-7d38d56858b3'),
(1387, '0594d364-7d24-438b-994b-c1c725bcb046', '67a7b713-8367-47fd-b5ae-198165e4e11d'),
(1426, '808c2277-0d03-4493-9c96-39e41ba30474', '67a7b713-8367-47fd-b5ae-198165e4e11d'),
(1170, '71e51428-857f-4805-a684-ebb0e370ff40', '236d8ccc-27c4-4c74-b605-7d38d56858b3'),
(1172, 'ddf41301-401f-4c04-81e3-caae95dd799f', '236d8ccc-27c4-4c74-b605-7d38d56858b3'),
(1173, 'f0f47d44-5106-4a96-b144-e6eb2facef1a', '236d8ccc-27c4-4c74-b605-7d38d56858b3'),
(1495, '26f7be3b-988f-4616-9d85-0aad5b06419f', 'cce06643-8a0d-4103-b9c7-543ab7958f9e'),
(1174, 'ee8e8b4d-f3e0-42da-b1be-bcc3caaa98f1', '236d8ccc-27c4-4c74-b605-7d38d56858b3'),
(1177, '610a16a7-2169-4435-b670-8f707b016847', '236d8ccc-27c4-4c74-b605-7d38d56858b3'),
(1506, '588d6783-a442-4746-8e90-8e80c16d27e7', 'cce06643-8a0d-4103-b9c7-543ab7958f9e'),
(1178, 'd9290fae-c171-4716-be3f-15f1d3fb22c7', '236d8ccc-27c4-4c74-b605-7d38d56858b3'),
(1498, '077c6b01-88ea-440c-a903-620504a375ec', 'cce06643-8a0d-4103-b9c7-543ab7958f9e'),
(1182, '8c83c710-887b-43be-8f43-92bfcf7009d3', '236d8ccc-27c4-4c74-b605-7d38d56858b3'),
(1486, '57512671-ad58-4730-9c19-43931d0ed5e1', 'cce06643-8a0d-4103-b9c7-543ab7958f9e'),
(1532, 'aad650ea-6136-4751-a2a5-dd26c4a8c2dc', 'ba014156-9d8a-4e25-b701-cd3b7be3efc1'),
(1519, '5d5eae80-8110-408e-b094-bd85497752af', 'cce06643-8a0d-4103-b9c7-543ab7958f9e'),
(1524, '81f7c70a-1963-4692-a7b8-c6f1d826abaa', 'ced8fc61-0d3d-45f9-aed5-461685572f63'),
(1184, 'fba2d166-4485-44da-adcb-036e84b50d90', '236d8ccc-27c4-4c74-b605-7d38d56858b3'),
(1185, 'f11e9e62-426b-4243-802c-788c4f16f92d', '236d8ccc-27c4-4c74-b605-7d38d56858b3'),
(1186, '6cb7b185-f58e-4694-8e82-20f36eeae6ff', '236d8ccc-27c4-4c74-b605-7d38d56858b3'),
(1187, '0f73da7e-1781-4216-bfe2-4ceebd9804cd', '236d8ccc-27c4-4c74-b605-7d38d56858b3'),
(1189, 'f333e17b-4c4f-4cd2-ae6d-a20b693be4a9', '236d8ccc-27c4-4c74-b605-7d38d56858b3'),
(1192, '3c4fd1db-6888-4145-861b-7bdd5962a1a9', '236d8ccc-27c4-4c74-b605-7d38d56858b3'),
(1196, '0994bc5c-7fb9-4728-b8b5-04d2b022004d', '236d8ccc-27c4-4c74-b605-7d38d56858b3'),
(1199, '29af9a52-de49-42fc-91af-6dd1e1ad8bf0', '236d8ccc-27c4-4c74-b605-7d38d56858b3'),
(1201, '279d09cf-ff66-4526-9aeb-1a12072d9262', '236d8ccc-27c4-4c74-b605-7d38d56858b3'),
(1203, '3501f2da-1e5f-4f79-ab19-4ae6ee468c4b', '236d8ccc-27c4-4c74-b605-7d38d56858b3'),
(1205, 'df1a1501-99c4-49a4-98fd-2e718eb8af68', '236d8ccc-27c4-4c74-b605-7d38d56858b3'),
(1208, '49c36966-aad0-4931-a99d-2b0947b13924', '236d8ccc-27c4-4c74-b605-7d38d56858b3'),
(1209, '4686a81c-95cf-44bb-934b-69a18950c22b', '236d8ccc-27c4-4c74-b605-7d38d56858b3'),
(1210, '2649cdad-a32b-4162-ad8a-c618ed630a98', '236d8ccc-27c4-4c74-b605-7d38d56858b3'),
(1211, '470f1ee3-d5b4-4823-aff5-cd2438d9d855', '236d8ccc-27c4-4c74-b605-7d38d56858b3'),
(1212, '68b6b92f-fb44-4694-b838-9d60d64bbe15', '236d8ccc-27c4-4c74-b605-7d38d56858b3'),
(1213, '46a651d0-5580-45fa-bddf-624cfd41d85f', '236d8ccc-27c4-4c74-b605-7d38d56858b3'),
(1214, '8425dd30-957a-47ab-bf6b-faadc25c5eb0', '236d8ccc-27c4-4c74-b605-7d38d56858b3'),
(1222, 'fb80701f-57e2-4e17-b9c5-409328bc672e', '236d8ccc-27c4-4c74-b605-7d38d56858b3'),
(1224, '0322ca96-9657-468b-8b06-f5e4fcb797be', '236d8ccc-27c4-4c74-b605-7d38d56858b3'),
(1226, '1134cf7d-1261-48d3-aec5-e1299237e575', '236d8ccc-27c4-4c74-b605-7d38d56858b3'),
(1228, '72c39393-bbd0-4519-83e0-76819fb850c3', '236d8ccc-27c4-4c74-b605-7d38d56858b3'),
(1231, 'f27ac5d6-b189-4f6c-83d0-70900b9d19f9', '236d8ccc-27c4-4c74-b605-7d38d56858b3'),
(1234, 'fed5ffea-3a47-4993-bb3e-3eec7dba9477', '236d8ccc-27c4-4c74-b605-7d38d56858b3'),
(1237, '797ff8be-111f-4f06-b7eb-68811bde97bd', '236d8ccc-27c4-4c74-b605-7d38d56858b3'),
(1243, '1d7e5b0f-7e20-40da-944b-066fd9b2b442', '236d8ccc-27c4-4c74-b605-7d38d56858b3'),
(1248, '44d08363-fb42-4d1b-ac63-8109ad9ab57b', '236d8ccc-27c4-4c74-b605-7d38d56858b3'),
(1251, '02992f34-fff5-43a2-b83e-2111d1c89dc2', '236d8ccc-27c4-4c74-b605-7d38d56858b3'),
(1254, '45b917ad-a5b2-4aaa-9305-4b8ca9fe649e', '236d8ccc-27c4-4c74-b605-7d38d56858b3'),
(1257, '3cbd980d-5934-4f53-abec-42c61e89f699', '236d8ccc-27c4-4c74-b605-7d38d56858b3'),
(1534, '5dff1f51-0865-48d4-9f96-90e366f6d383', 'ba014156-9d8a-4e25-b701-cd3b7be3efc1'),
(1512, '06ec11fb-8bbd-4ce0-a2bf-1551f77e1d92', 'cce06643-8a0d-4103-b9c7-543ab7958f9e'),
(1516, '6e91ea4a-c178-4c97-b575-2419125d5b57', 'cce06643-8a0d-4103-b9c7-543ab7958f9e'),
(1450, '08e25246-6e97-43c6-a638-c060d120c761', 'cce06643-8a0d-4103-b9c7-543ab7958f9e'),
(1263, '077c6b01-88ea-440c-a903-620504a375ec', '236d8ccc-27c4-4c74-b605-7d38d56858b3'),
(1266, '10916efb-ffbb-4287-b976-abc1def285f1', '236d8ccc-27c4-4c74-b605-7d38d56858b3'),
(1269, '7b6818b4-8758-40c0-9e42-cb9a33959a15', '236d8ccc-27c4-4c74-b605-7d38d56858b3'),
(1272, '20d7947a-351e-4ef6-9085-5ca9d8499e6c', '236d8ccc-27c4-4c74-b605-7d38d56858b3'),
(1275, '7609b7fe-778b-44a5-9d4d-f221bdf4631f', '236d8ccc-27c4-4c74-b605-7d38d56858b3'),
(1282, 'fab38f10-e6dc-45d0-a664-0a064b45eb37', '236d8ccc-27c4-4c74-b605-7d38d56858b3'),
(1284, '785a85b2-2c99-43be-919a-c3ee940f4e82', '236d8ccc-27c4-4c74-b605-7d38d56858b3'),
(1286, '62d0dfe2-f629-4006-8867-884d097885f8', '236d8ccc-27c4-4c74-b605-7d38d56858b3'),
(1289, 'dc390f77-ecbc-496e-8c47-1ab766222909', '236d8ccc-27c4-4c74-b605-7d38d56858b3'),
(1296, '35767cce-9987-4da9-9215-3ace49ed04b6', '236d8ccc-27c4-4c74-b605-7d38d56858b3'),
(1293, '564b13d7-8d54-433d-ac96-99e7e33f420d', '236d8ccc-27c4-4c74-b605-7d38d56858b3'),
(1507, '20d7947a-351e-4ef6-9085-5ca9d8499e6c', 'cce06643-8a0d-4103-b9c7-543ab7958f9e'),
(1488, '16be20ba-c123-493d-8d4c-27113b2d8938', 'cce06643-8a0d-4103-b9c7-543ab7958f9e'),
(1513, '5aaa6fd8-348f-49a1-bf8c-43263437b55d', 'cce06643-8a0d-4103-b9c7-543ab7958f9e'),
(1300, '5d5eae80-8110-408e-b094-bd85497752af', '236d8ccc-27c4-4c74-b605-7d38d56858b3'),
(1301, '87831d16-cece-4014-8f18-9491ea4364db', '236d8ccc-27c4-4c74-b605-7d38d56858b3'),
(1302, '808c2277-0d03-4493-9c96-39e41ba30474', '236d8ccc-27c4-4c74-b605-7d38d56858b3'),
(1303, 'ead0481d-32b4-4c50-a736-ea2c3f22d7a2', '236d8ccc-27c4-4c74-b605-7d38d56858b3'),
(1304, '0b69de8c-e1d5-4fc0-9196-2eeec6efb71a', '236d8ccc-27c4-4c74-b605-7d38d56858b3'),
(1306, '704fb7ab-d945-4e93-ae61-ab87cf985db3', '236d8ccc-27c4-4c74-b605-7d38d56858b3'),
(1308, '85458f5d-def4-4fdf-90e2-7975acdd90e1', '236d8ccc-27c4-4c74-b605-7d38d56858b3'),
(1483, '7281a1c2-4c85-4f84-8346-44b9f9998bfe', 'cce06643-8a0d-4103-b9c7-543ab7958f9e'),
(1514, '52ea0362-8ba5-473c-9938-3f34255590de', 'cce06643-8a0d-4103-b9c7-543ab7958f9e'),
(1487, '02992f34-fff5-43a2-b83e-2111d1c89dc2', 'cce06643-8a0d-4103-b9c7-543ab7958f9e'),
(1314, 'f31bdbbc-80e9-479a-b450-ec81371440fd', '236d8ccc-27c4-4c74-b605-7d38d56858b3'),
(1317, '61f7824f-a443-48d2-bba7-b8335b543293', '32045ca4-b3c2-467f-a790-031439cf94ae'),
(1318, '61f7824f-a443-48d2-bba7-b8335b543293', '37c44650-fac5-4f30-b847-1d3ed286ff97'),
(1320, '006db9f1-86e2-4904-b482-0467c8e0cf73', '43894e15-7c43-4532-ab50-c0a07eeeed94'),
(1326, '08e25246-6e97-43c6-a638-c060d120c761', '57eeb965-0b5b-4196-ba3c-923d3a5d1c6e'),
(1328, '1b25d740-3fc0-4cc3-8a9e-d27832699793', '57eeb965-0b5b-4196-ba3c-923d3a5d1c6e'),
(1330, '56b4be3f-d62d-443f-8674-2650b36743e2', '57eeb965-0b5b-4196-ba3c-923d3a5d1c6e'),
(1331, 'f0f47d44-5106-4a96-b144-e6eb2facef1a', '57eeb965-0b5b-4196-ba3c-923d3a5d1c6e'),
(1334, '00e16eb1-b60e-409d-a821-3d32dff715f7', '57eeb965-0b5b-4196-ba3c-923d3a5d1c6e'),
(1339, 'fb80701f-57e2-4e17-b9c5-409328bc672e', '57eeb965-0b5b-4196-ba3c-923d3a5d1c6e'),
(1340, '71507ccc-4f2c-42de-bae1-50225cf25705', '57eeb965-0b5b-4196-ba3c-923d3a5d1c6e'),
(1341, '72c39393-bbd0-4519-83e0-76819fb850c3', '57eeb965-0b5b-4196-ba3c-923d3a5d1c6e'),
(1342, '5bc7392f-0aec-46d5-b0d0-98d5859367d7', '57eeb965-0b5b-4196-ba3c-923d3a5d1c6e'),
(1343, '1ebb067d-3b6f-4639-899f-bd79657920a7', '57eeb965-0b5b-4196-ba3c-923d3a5d1c6e'),
(1344, 'e2f1464d-bb44-409a-b3d6-7112b91419bb', '57eeb965-0b5b-4196-ba3c-923d3a5d1c6e'),
(1345, 'e1acf4b6-b6d7-4c48-bea7-858c42982661', '57eeb965-0b5b-4196-ba3c-923d3a5d1c6e'),
(1346, '85fd73d5-ff45-4ace-9a1b-e5da6af21593', '57eeb965-0b5b-4196-ba3c-923d3a5d1c6e'),
(1347, '0aff33e1-9386-4324-8494-222f965034e6', '57eeb965-0b5b-4196-ba3c-923d3a5d1c6e'),
(1502, '63408371-3b1e-452f-8397-1f0346bd66d2', 'cce06643-8a0d-4103-b9c7-543ab7958f9e'),
(1357, '87831d16-cece-4014-8f18-9491ea4364db', '57eeb965-0b5b-4196-ba3c-923d3a5d1c6e'),
(1360, '6a5e3bf2-3ef8-455f-9a74-2e5a352942e7', '5bc32ab8-3ada-45d7-ada3-745d8a7b764d'),
(1363, '4a88cbce-777a-4419-b548-f01b9cd44ce1', '67a7b713-8367-47fd-b5ae-198165e4e11d'),
(1366, '1b25d740-3fc0-4cc3-8a9e-d27832699793', '67a7b713-8367-47fd-b5ae-198165e4e11d'),
(1369, 'f0f47d44-5106-4a96-b144-e6eb2facef1a', '67a7b713-8367-47fd-b5ae-198165e4e11d'),
(1372, '00e16eb1-b60e-409d-a821-3d32dff715f7', '67a7b713-8367-47fd-b5ae-198165e4e11d'),
(1505, '17b7c67a-df0a-4f7b-9466-c6acbb1245d5', 'cce06643-8a0d-4103-b9c7-543ab7958f9e'),
(1375, '3c4fd1db-6888-4145-861b-7bdd5962a1a9', '67a7b713-8367-47fd-b5ae-198165e4e11d'),
(1378, '641e4d3e-8629-4306-bb31-41d6e6af4711', '67a7b713-8367-47fd-b5ae-198165e4e11d'),
(1381, '38e7a496-1d68-4d43-a279-8070e197bb19', '67a7b713-8367-47fd-b5ae-198165e4e11d'),
(1384, '279d09cf-ff66-4526-9aeb-1a12072d9262', '67a7b713-8367-47fd-b5ae-198165e4e11d'),
(1390, 'fb80701f-57e2-4e17-b9c5-409328bc672e', '67a7b713-8367-47fd-b5ae-198165e4e11d'),
(1391, '71507ccc-4f2c-42de-bae1-50225cf25705', '67a7b713-8367-47fd-b5ae-198165e4e11d'),
(1392, '72c39393-bbd0-4519-83e0-76819fb850c3', '67a7b713-8367-47fd-b5ae-198165e4e11d'),
(1395, '3da2998b-ed2d-476d-8339-347b64ee712e', '67a7b713-8367-47fd-b5ae-198165e4e11d'),
(1399, '02992f34-fff5-43a2-b83e-2111d1c89dc2', '67a7b713-8367-47fd-b5ae-198165e4e11d'),
(1400, '16be20ba-c123-493d-8d4c-27113b2d8938', '67a7b713-8367-47fd-b5ae-198165e4e11d'),
(1402, '45b917ad-a5b2-4aaa-9305-4b8ca9fe649e', '67a7b713-8367-47fd-b5ae-198165e4e11d'),
(1404, '85fd73d5-ff45-4ace-9a1b-e5da6af21593', '67a7b713-8367-47fd-b5ae-198165e4e11d'),
(1405, '05ade886-9877-4fa5-a709-6555e930fd3d', '67a7b713-8367-47fd-b5ae-198165e4e11d'),
(1410, '17b7c67a-df0a-4f7b-9466-c6acbb1245d5', '67a7b713-8367-47fd-b5ae-198165e4e11d'),
(1411, '10938fcf-ef93-4d24-9f74-c3e02fface53', '67a7b713-8367-47fd-b5ae-198165e4e11d'),
(1413, '06335d7d-6dc6-485e-ac50-6c7c82592021', '67a7b713-8367-47fd-b5ae-198165e4e11d'),
(1414, '785a85b2-2c99-43be-919a-c3ee940f4e82', '67a7b713-8367-47fd-b5ae-198165e4e11d'),
(1423, '21fe59ca-992c-45af-9c74-559f7f688498', '67a7b713-8367-47fd-b5ae-198165e4e11d'),
(1424, '5d5eae80-8110-408e-b094-bd85497752af', '67a7b713-8367-47fd-b5ae-198165e4e11d'),
(1425, '35767cce-9987-4da9-9215-3ace49ed04b6', '67a7b713-8367-47fd-b5ae-198165e4e11d'),
(1152, '170d6240-5d0f-4914-8fd5-b152691fc4b3', 'A8A0D718-216A-0125-CDD9-3B663475FE23'),
(1432, '61f7824f-a443-48d2-bba7-b8335b543293', '76ab302a-ef97-492a-b14b-6ef780aa8ba5'),
(1437, '61f7824f-a443-48d2-bba7-b8335b543293', '8c1a7996-9dbb-4255-a095-185030c6ce8a'),
(1442, '61f7824f-a443-48d2-bba7-b8335b543293', 'a92bdb9f-0f06-42c5-85d3-f5e1365067e6'),
(1452, '1b25d740-3fc0-4cc3-8a9e-d27832699793', 'cce06643-8a0d-4103-b9c7-543ab7958f9e'),
(1454, '56b4be3f-d62d-443f-8674-2650b36743e2', 'cce06643-8a0d-4103-b9c7-543ab7958f9e'),
(1455, 'f0f47d44-5106-4a96-b144-e6eb2facef1a', 'cce06643-8a0d-4103-b9c7-543ab7958f9e'),
(1180, '35be1e0b-3dc1-42a9-837a-a62ef79b405d', '236d8ccc-27c4-4c74-b605-7d38d56858b3'),
(1497, '05ade886-9877-4fa5-a709-6555e930fd3d', 'cce06643-8a0d-4103-b9c7-543ab7958f9e'),
(1518, '21fe59ca-992c-45af-9c74-559f7f688498', 'cce06643-8a0d-4103-b9c7-543ab7958f9e'),
(1528, '81f7c70a-1963-4692-a7b8-c6f1d826abaa', 'de30dfd3-123c-4821-8874-d4bb7c412566'),
(1509, 'f080ad01-b344-494f-b087-54f4deea78fc', 'cce06643-8a0d-4103-b9c7-543ab7958f9e'),
(1531, '0094568d-cb90-416f-8dbb-da7685b78a16', 'ba014156-9d8a-4e25-b701-cd3b7be3efc1'),
(1494, '336c5665-d9d0-4fd6-b55f-440035fa2b87', 'cce06643-8a0d-4103-b9c7-543ab7958f9e'),
(1523, '0aef3fbc-cdc4-41a5-aad8-26e2377fec6c', 'cce06643-8a0d-4103-b9c7-543ab7958f9e'),
(1191, '80da4561-d9e8-41c8-829e-7fb432bba3dc', '236d8ccc-27c4-4c74-b605-7d38d56858b3'),
(1195, '641e4d3e-8629-4306-bb31-41d6e6af4711', '236d8ccc-27c4-4c74-b605-7d38d56858b3'),
(1206, '54013961-eebb-42ec-bfc8-193e6e0f035c', '236d8ccc-27c4-4c74-b605-7d38d56858b3'),
(1217, '73683059-fc7e-4714-8fa7-d1b8aecc85ab', '236d8ccc-27c4-4c74-b605-7d38d56858b3'),
(1221, '4f2aaf00-bb7b-41a1-89b9-1624d55ba2a0', '236d8ccc-27c4-4c74-b605-7d38d56858b3'),
(1223, 'e1b04167-dc61-4ab0-be98-6f5de1f0928b', '236d8ccc-27c4-4c74-b605-7d38d56858b3'),
(1225, '2e3353f7-8260-4e4b-90e6-7fc025a40c59', '236d8ccc-27c4-4c74-b605-7d38d56858b3'),
(1227, '5bfc9e44-0e8a-4809-9b2c-f8c0b1f6c5db', '236d8ccc-27c4-4c74-b605-7d38d56858b3'),
(1230, '2f07ec51-b967-4f33-b003-1f8a68bc1868', '236d8ccc-27c4-4c74-b605-7d38d56858b3'),
(1233, 'f522e102-9076-4c5c-99fa-6769a979b55a', '236d8ccc-27c4-4c74-b605-7d38d56858b3'),
(1236, '0d6501ad-f83e-43fd-8765-44e67cb317dd', '236d8ccc-27c4-4c74-b605-7d38d56858b3'),
(1247, '7281a1c2-4c85-4f84-8346-44b9f9998bfe', '236d8ccc-27c4-4c74-b605-7d38d56858b3'),
(1250, '57512671-ad58-4730-9c19-43931d0ed5e1', '236d8ccc-27c4-4c74-b605-7d38d56858b3'),
(1533, 'bac32405-3b06-4330-bc8f-a19f0667e0af', 'ba014156-9d8a-4e25-b701-cd3b7be3efc1'),
(1511, '7239564c-c301-46f6-909f-ae071914908a', 'cce06643-8a0d-4103-b9c7-543ab7958f9e'),
(1525, '61f7824f-a443-48d2-bba7-b8335b543293', 'd0ae5064-5c6b-4de8-9c1a-a1fd94c88455'),
(1262, '05ade886-9877-4fa5-a709-6555e930fd3d', '236d8ccc-27c4-4c74-b605-7d38d56858b3'),
(1265, '595cfff8-1c86-47ad-bd02-f1dae692de52', '236d8ccc-27c4-4c74-b605-7d38d56858b3'),
(1268, '89086806-5875-4ead-afe6-c840525dfaea', '236d8ccc-27c4-4c74-b605-7d38d56858b3'),
(1271, '588d6783-a442-4746-8e90-8e80c16d27e7', '236d8ccc-27c4-4c74-b605-7d38d56858b3'),
(1274, 'f080ad01-b344-494f-b087-54f4deea78fc', '236d8ccc-27c4-4c74-b605-7d38d56858b3'),
(1283, '06335d7d-6dc6-485e-ac50-6c7c82592021', '236d8ccc-27c4-4c74-b605-7d38d56858b3'),
(1285, '2d320408-492f-4dfe-9a21-4d9aeee018a9', '236d8ccc-27c4-4c74-b605-7d38d56858b3'),
(1288, '5aaa6fd8-348f-49a1-bf8c-43263437b55d', '236d8ccc-27c4-4c74-b605-7d38d56858b3'),
(1295, '52ea0362-8ba5-473c-9938-3f34255590de', '236d8ccc-27c4-4c74-b605-7d38d56858b3'),
(1313, '0aef3fbc-cdc4-41a5-aad8-26e2377fec6c', '236d8ccc-27c4-4c74-b605-7d38d56858b3'),
(1337, '0ac801cf-ca53-47d1-93f3-0516b6b2927b', '57eeb965-0b5b-4196-ba3c-923d3a5d1c6e'),
(1349, '63408371-3b1e-452f-8397-1f0346bd66d2', '57eeb965-0b5b-4196-ba3c-923d3a5d1c6e'),
(1501, '10916efb-ffbb-4287-b976-abc1def285f1', 'cce06643-8a0d-4103-b9c7-543ab7958f9e'),
(1353, '10938fcf-ef93-4d24-9f74-c3e02fface53', '57eeb965-0b5b-4196-ba3c-923d3a5d1c6e'),
(1356, '06ec11fb-8bbd-4ce0-a2bf-1551f77e1d92', '57eeb965-0b5b-4196-ba3c-923d3a5d1c6e'),
(1359, '0aef3fbc-cdc4-41a5-aad8-26e2377fec6c', '57eeb965-0b5b-4196-ba3c-923d3a5d1c6e'),
(1362, '8769aa40-73b3-4444-b857-660ee0e9a6bb', '67a7b713-8367-47fd-b5ae-198165e4e11d'),
(1368, '56b4be3f-d62d-443f-8674-2650b36743e2', '67a7b713-8367-47fd-b5ae-198165e4e11d'),
(1504, '7b6818b4-8758-40c0-9e42-cb9a33959a15', 'cce06643-8a0d-4103-b9c7-543ab7958f9e'),
(1377, 'e089277e-f57d-49e7-ad0a-171d3445070f', '67a7b713-8367-47fd-b5ae-198165e4e11d'),
(1380, '205126e6-32fe-4428-898b-9cc80d345b92', '67a7b713-8367-47fd-b5ae-198165e4e11d'),
(1383, 'f4fc3eb8-e924-4af2-a8ed-94eaafe62fc4', '67a7b713-8367-47fd-b5ae-198165e4e11d'),
(1386, '3501f2da-1e5f-4f79-ab19-4ae6ee468c4b', '67a7b713-8367-47fd-b5ae-198165e4e11d'),
(1394, '1ebb067d-3b6f-4639-899f-bd79657920a7', '67a7b713-8367-47fd-b5ae-198165e4e11d'),
(1397, '7281a1c2-4c85-4f84-8346-44b9f9998bfe', '67a7b713-8367-47fd-b5ae-198165e4e11d'),
(1416, '62d0dfe2-f629-4006-8867-884d097885f8', '67a7b713-8367-47fd-b5ae-198165e4e11d'),
(1419, '52ea0362-8ba5-473c-9938-3f34255590de', '67a7b713-8367-47fd-b5ae-198165e4e11d'),
(1428, '0aef3fbc-cdc4-41a5-aad8-26e2377fec6c', '67a7b713-8367-47fd-b5ae-198165e4e11d'),
(1449, '4a88cbce-777a-4419-b548-f01b9cd44ce1', 'cce06643-8a0d-4103-b9c7-543ab7958f9e'),
(1458, '00e16eb1-b60e-409d-a821-3d32dff715f7', 'cce06643-8a0d-4103-b9c7-543ab7958f9e'),
(1154, '61f7824f-a443-48d2-bba7-b8335b543293', '06b7baed-5283-4ae9-a374-3099088741c8'),
(1168, '7c9c1577-aab0-4cd0-b719-fabef0bf222b', '236d8ccc-27c4-4c74-b605-7d38d56858b3'),
(1179, '2691f015-1666-4573-9005-f1a7b0c031de', '236d8ccc-27c4-4c74-b605-7d38d56858b3'),
(1496, '53e2906c-8381-49af-be4d-0b52ad3c7905', 'cce06643-8a0d-4103-b9c7-543ab7958f9e'),
(1484, '44d08363-fb42-4d1b-ac63-8109ad9ab57b', 'cce06643-8a0d-4103-b9c7-543ab7958f9e'),
(1530, '61f7824f-a443-48d2-bba7-b8335b543293', 'fdaf47a7-8d95-4803-9bf4-6e4a3bbffcf1'),
(1493, '3cbd980d-5934-4f53-abec-42c61e89f699', 'cce06643-8a0d-4103-b9c7-543ab7958f9e'),
(1522, '5009abe8-e9ce-4d1c-aef2-a439e95af729', 'cce06643-8a0d-4103-b9c7-543ab7958f9e'),
(1194, 'e089277e-f57d-49e7-ad0a-171d3445070f', '236d8ccc-27c4-4c74-b605-7d38d56858b3'),
(1198, '38e7a496-1d68-4d43-a279-8070e197bb19', '236d8ccc-27c4-4c74-b605-7d38d56858b3'),
(1200, 'f4fc3eb8-e924-4af2-a8ed-94eaafe62fc4', '236d8ccc-27c4-4c74-b605-7d38d56858b3'),
(1202, '0239a83f-2878-4ba8-9841-7704e37db34b', '236d8ccc-27c4-4c74-b605-7d38d56858b3'),
(1204, '0594d364-7d24-438b-994b-c1c725bcb046', '236d8ccc-27c4-4c74-b605-7d38d56858b3'),
(1216, '506b7f29-7182-446e-8b35-0ce743c38d30', '236d8ccc-27c4-4c74-b605-7d38d56858b3'),
(1219, '248e9cae-3ae1-4e07-9bad-bfc38dde6143', '236d8ccc-27c4-4c74-b605-7d38d56858b3'),
(1246, '01cc95a7-09d0-4136-92ee-79add03e8c68', '236d8ccc-27c4-4c74-b605-7d38d56858b3'),
(1252, '16be20ba-c123-493d-8d4c-27113b2d8938', '236d8ccc-27c4-4c74-b605-7d38d56858b3'),
(1261, '53e2906c-8381-49af-be4d-0b52ad3c7905', '236d8ccc-27c4-4c74-b605-7d38d56858b3'),
(1258, '4a88cbce-777a-4419-b548-f01b9cd44ce1', '236d8ccc-27c4-4c74-b605-7d38d56858b3'),
(1267, '63408371-3b1e-452f-8397-1f0346bd66d2', '236d8ccc-27c4-4c74-b605-7d38d56858b3'),
(1270, '17b7c67a-df0a-4f7b-9466-c6acbb1245d5', '236d8ccc-27c4-4c74-b605-7d38d56858b3'),
(1276, '205b7566-df92-4231-ac67-a4349bcc9223', '236d8ccc-27c4-4c74-b605-7d38d56858b3'),
(1280, '63a2bd38-ead5-4117-bec6-8f371967db69', '236d8ccc-27c4-4c74-b605-7d38d56858b3'),
(1287, '06ec11fb-8bbd-4ce0-a2bf-1551f77e1d92', '236d8ccc-27c4-4c74-b605-7d38d56858b3'),
(1294, '37bcf762-79d6-4da9-8ffa-dbb5eab795ad', '236d8ccc-27c4-4c74-b605-7d38d56858b3'),
(1297, '6e91ea4a-c178-4c97-b575-2419125d5b57', '236d8ccc-27c4-4c74-b605-7d38d56858b3'),
(1309, 'f44787e1-4732-448a-a901-083815c5d88b', '236d8ccc-27c4-4c74-b605-7d38d56858b3'),
(1312, '849d54d8-205b-42e9-9b4a-c7af10aa9742', '236d8ccc-27c4-4c74-b605-7d38d56858b3'),
(1321, '61f7824f-a443-48d2-bba7-b8335b543293', '4a5b1dfb-67cd-4b04-b852-10ce5f54dfd6'),
(1324, '4a88cbce-777a-4419-b548-f01b9cd44ce1', '57eeb965-0b5b-4196-ba3c-923d3a5d1c6e'),
(1336, '3ca91d13-345a-4f3a-9d22-8cef5680feaa', '57eeb965-0b5b-4196-ba3c-923d3a5d1c6e'),
(1348, '10916efb-ffbb-4287-b976-abc1def285f1', '57eeb965-0b5b-4196-ba3c-923d3a5d1c6e'),
(1500, '595cfff8-1c86-47ad-bd02-f1dae692de52', 'cce06643-8a0d-4103-b9c7-543ab7958f9e'),
(1352, '17b7c67a-df0a-4f7b-9466-c6acbb1245d5', '57eeb965-0b5b-4196-ba3c-923d3a5d1c6e'),
(1355, '7239564c-c301-46f6-909f-ae071914908a', '57eeb965-0b5b-4196-ba3c-923d3a5d1c6e'),
(1358, '5009abe8-e9ce-4d1c-aef2-a439e95af729', '57eeb965-0b5b-4196-ba3c-923d3a5d1c6e'),
(1361, '61f7824f-a443-48d2-bba7-b8335b543293', '5fee4ce0-e031-467e-bb37-5b60c056b6dc'),
(1364, '08e25246-6e97-43c6-a638-c060d120c761', '67a7b713-8367-47fd-b5ae-198165e4e11d'),
(1503, '89086806-5875-4ead-afe6-c840525dfaea', 'cce06643-8a0d-4103-b9c7-543ab7958f9e'),
(1373, '0f73da7e-1781-4216-bfe2-4ceebd9804cd', '67a7b713-8367-47fd-b5ae-198165e4e11d'),
(1376, '60120c14-7ebe-47f9-b9b5-301e2b3f5371', '67a7b713-8367-47fd-b5ae-198165e4e11d'),
(1379, '0994bc5c-7fb9-4728-b8b5-04d2b022004d', '67a7b713-8367-47fd-b5ae-198165e4e11d'),
(1382, '29af9a52-de49-42fc-91af-6dd1e1ad8bf0', '67a7b713-8367-47fd-b5ae-198165e4e11d'),
(1385, '0239a83f-2878-4ba8-9841-7704e37db34b', '67a7b713-8367-47fd-b5ae-198165e4e11d'),
(1393, '5bc7392f-0aec-46d5-b0d0-98d5859367d7', '67a7b713-8367-47fd-b5ae-198165e4e11d'),
(1396, '01cc95a7-09d0-4136-92ee-79add03e8c68', '67a7b713-8367-47fd-b5ae-198165e4e11d'),
(1407, '077c6b01-88ea-440c-a903-620504a375ec', '67a7b713-8367-47fd-b5ae-198165e4e11d'),
(1415, '2d320408-492f-4dfe-9a21-4d9aeee018a9', '67a7b713-8367-47fd-b5ae-198165e4e11d'),
(1418, '5aaa6fd8-348f-49a1-bf8c-43263437b55d', '67a7b713-8367-47fd-b5ae-198165e4e11d'),
(1427, '5009abe8-e9ce-4d1c-aef2-a439e95af729', '67a7b713-8367-47fd-b5ae-198165e4e11d'),
(1430, '61f7824f-a443-48d2-bba7-b8335b543293', '6b0ebda5-de4c-4fe7-bfae-274872b53925'),
(1435, '61f7824f-a443-48d2-bba7-b8335b543293', '80c5bdd0-033e-42ea-8c35-0faa5e4325b7'),
(1444, '52ea0362-8ba5-473c-9938-3f34255590de', 'b6437eb6-b3ea-4d3c-9cb5-dbdd4c6c2098'),
(1448, '8769aa40-73b3-4444-b857-660ee0e9a6bb', 'cce06643-8a0d-4103-b9c7-543ab7958f9e'),
(1521, '808c2277-0d03-4493-9c96-39e41ba30474', 'cce06643-8a0d-4103-b9c7-543ab7958f9e'),
(763, '170d6240-5d0f-4914-8fd5-b152691fc4b3', 'C897FB38-A191-D4F8-AF5A-DA418FDAEF5A'),
(1193, '60120c14-7ebe-47f9-b9b5-301e2b3f5371', '236d8ccc-27c4-4c74-b605-7d38d56858b3'),
(1537, 'cb266c95-cae6-421e-9dfe-9d335fe95108', 'ba014156-9d8a-4e25-b701-cd3b7be3efc1'),
(1536, '57614ee8-62f2-43b2-8db8-ed2b8253f7d8', 'ba014156-9d8a-4e25-b701-cd3b7be3efc1'),
(1535, 'f3862ddf-96c2-40ed-ba93-8b745c08e7b7', 'ba014156-9d8a-4e25-b701-cd3b7be3efc1'),
(1520, '35767cce-9987-4da9-9215-3ace49ed04b6', 'cce06643-8a0d-4103-b9c7-543ab7958f9e');

-- --------------------------------------------------------

--
-- Структура таблицы `organizations`
--

CREATE TABLE `organizations` (
  `id` char(40) NOT NULL,
  `name` varchar(1024) NOT NULL,
  PRIMARY KEY (`id`),
  UNIQUE KEY `id` (`id`)
) ENGINE=MyISAM DEFAULT CHARSET=utf8;

--
-- Дамп данных таблицы `organizations`
--

INSERT INTO `organizations` (`id`, `name`) VALUES
('170d6240-5d0f-4914-8fd5-b152691fc4b3', 'Департамент природных ресурсов и охраны окружающей среды Костромской области'),
('0ae58cb8-9b4e-49e9-bcff-58b57bd4be3f', 'Департамент образования и науки Костромской области'),
('8c83c710-887b-43be-8f43-92bfcf7009d3', 'Администрация Завражного сельского поселения'),
('8c5d1742-eec0-4a3d-a256-23ba8415443e', 'Администрация Лосевского сельского поселения'),
('89d157da-7b7c-455c-ae79-521c55f05d18', 'Инспекция государственного административно-технического надзора Костромской области'),
('89086806-5875-4ead-afe6-c840525dfaea', 'Администрация Якшангского сельского поселения'),
('87831d16-cece-4014-8f18-9491ea4364db', 'Администрация Чухломского муниципального района'),
('8769aa40-73b3-4444-b857-660ee0e9a6bb', 'Администрация Антроповского муниципального района'),
('85fd73d5-ff45-4ace-9a1b-e5da6af21593', 'Администрация Павинского муниципального района'),
('85458f5d-def4-4fdf-90e2-7975acdd90e1', 'Администрация Коневского сельского поселения'),
('849d54d8-205b-42e9-9b4a-c7af10aa9742', 'Администрация Шекшемского сельского поселения'),
('8425dd30-957a-47ab-bf6b-faadc25c5eb0', 'Администрация городского поселения город Макарьев'),
('81f7c70a-1963-4692-a7b8-c6f1d826abaa', 'Департамент имущественных и земельных отношений Костромской области'),
('80da4561-d9e8-41c8-829e-7fb432bba3dc', 'Администрация Ужугского сельского поселения'),
('808c2277-0d03-4493-9c96-39e41ba30474', 'Администрация Шартановского сельского поселения'),
('7f67ced6-9447-47e4-ac41-c94534f32055', 'Департамент здравоохранения Костромской области'),
('7c9c1577-aab0-4cd0-b719-fabef0bf222b', 'Администрация Вохомского сельского поселения'),
('7b6818b4-8758-40c0-9e42-cb9a33959a15', 'Администрация городского поселения посёлок Поназырево'),
('7b353e0b-7b53-4c1a-9ff8-5c3680b8d569', 'Администрация Антроповского сельского поселения'),
('797ff8be-111f-4f06-b7eb-68811bde97bd', 'Администрация Михалевского сельского поселения'),
('797868bb-d70a-4e1b-ac79-cab8b64a7220', 'Департамент финансов Костромской области'),
('785a85b2-2c99-43be-919a-c3ee940f4e82', 'Администрация Воронского сельского поселения'),
('77827139-b4c6-4140-b70d-8779a772e5e4', 'Комитет по делам архивов Костромской области'),
('7609b7fe-778b-44a5-9d4d-f221bdf4631f', 'Администрация Бурдуковского сельского поселения'),
('7504bdab-e02a-4d93-9874-b5fbd9f06e00', 'Управление записи актов гражданского состояния'),
('73683059-fc7e-4714-8fa7-d1b8aecc85ab', 'Администрация Николо-Макаровского сельского поселения'),
('72c39393-bbd0-4519-83e0-76819fb850c3', 'Администрация Межевского муниципального района'),
('7281a1c2-4c85-4f84-8346-44b9f9998bfe', 'Администрация Луптюгского сельского поселения'),
('7239564c-c301-46f6-909f-ae071914908a', 'Администрация Судиславского муниципального района '),
('71e51428-857f-4805-a684-ebb0e370ff40', 'Администрация Лапшинского сельского поселения'),
('71507ccc-4f2c-42de-bae1-50225cf25705', 'Администрация Мантуровского муниципального района'),
('704fb7ab-d945-4e93-ae61-ab87cf985db3', 'Администрация Зебляковского сельского поселения'),
('70159b73-3f1a-4543-b577-36a91e294ad8', 'Территориальное управление Росимущества в Костромской области'),
('6e91ea4a-c178-4c97-b575-2419125d5b57', 'Администрация Панкратовского сельского поселения'),
('6cb7b185-f58e-4694-8e82-20f36eeae6ff', 'Администрация Чернышевского сельского поселения'),
('6a5e3bf2-3ef8-455f-9a74-2e5a352942e7', 'Департамент экономического развития Костромской области'),
('68b6b92f-fb44-4694-b838-9d60d64bbe15', 'Администрация Чапаевского сельского поселения'),
('641e4d3e-8629-4306-bb31-41d6e6af4711', 'Администрация Кузнецовского сельского поселения'),
('63a2bd38-ead5-4117-bec6-8f371967db69', 'Администрация Первомайского сельского поселения'),
('63408371-3b1e-452f-8397-1f0346bd66d2', 'Администрация Хмелёвского сельского поселения'),
('62d0dfe2-f629-4006-8867-884d097885f8', 'Администрация городского поселения поселок Судиславль'),
('61f7824f-a443-48d2-bba7-b8335b543293', 'ОГКУ Центр социальных выплат Костромской области'),
('610a16a7-2169-4435-b670-8f707b016847', 'Администрация Ореховского сельского поселения'),
('60934226-b589-46f2-a4b7-153c19168b49', 'Филиал ФГБУ «Федеральная кадастровая палата Росреестра»'),
('60120c14-7ebe-47f9-b9b5-301e2b3f5371', 'Администрация Бакшеевского сельского поселения'),
('5e16f3eb-b9b6-4313-9c75-d19dc23039e8', 'Администрация Котельниковского сельского поселения'),
('5d5eae80-8110-408e-b094-bd85497752af', 'Администрация Судайского сельского поселения'),
('5bfc9e44-0e8a-4809-9b2c-f8c0b1f6c5db', 'Администрация Самыловского сельского поселения'),
('5bc7392f-0aec-46d5-b0d0-98d5859367d7', 'Администрация муниципального района город Нея и Нейский район'),
('5b859314-99f0-41eb-be57-89c97f517aa8', 'Администрация Гридинского сельского поселения'),
('5aaa6fd8-348f-49a1-bf8c-43263437b55d', 'Администрация городского поселения поселок Сусанино'),
('5a1e18cc-c50f-472f-a079-e6d768f0e3c6', 'Администрация Воробьевицкого сельского поселения'),
('595cfff8-1c86-47ad-bd02-f1dae692de52', 'Администрация Матвеевского сельского поселения'),
('588d6783-a442-4746-8e90-8e80c16d27e7', 'Администрация Пыщугского сельского поселения'),
('58199453-1b39-4b73-80ca-62c1b7cfaa47', 'Департамент транспорта и дорожного хозяйства Костромской области'),
('57da73d0-b090-4d51-8fa4-7d5162672e74', 'Областное государственное бюджетное учреждение "Государственная экспертиза Костромской области" '),
('57512671-ad58-4730-9c19-43931d0ed5e1', 'Администрация Покровского сельского поселения'),
('56b4be3f-d62d-443f-8674-2650b36743e2', 'Администрация Вохомского муниципального района'),
('564b13d7-8d54-433d-ac96-99e7e33f420d', 'Администрация Сумароковского сельского поселения'),
('54013961-eebb-42ec-bfc8-193e6e0f035c', 'Администрация Боровиковского сельского поселения'),
('53e2906c-8381-49af-be4d-0b52ad3c7905', 'Администрация Петропавловского  сельского поселения'),
('52ea0362-8ba5-473c-9938-3f34255590de', 'Администрация городского поселения город Чухлома'),
('506b7f29-7182-446e-8b35-0ce743c38d30', 'Администрация Нежитинского сельского поселения'),
('5009abe8-e9ce-4d1c-aef2-a439e95af729', 'Администрация Шарьинского муниципального района'),
('4f2aaf00-bb7b-41a1-89b9-1624d55ba2a0', 'Администрация Тимошинского сельского поселения'),
('4ab3918c-905d-41ea-b29e-75e45f66666d', 'Департамент финансового контроля Костромской области'),
('4a88cbce-777a-4419-b548-f01b9cd44ce1', 'Администрация городского округа г.Буй'),
('49c36966-aad0-4931-a99d-2b0947b13924', 'Администрация Захаровского сельского поселения'),
('470f1ee3-d5b4-4823-aff5-cd2438d9d855', 'Администрация Сидоровского сельского поселения'),
('46a651d0-5580-45fa-bddf-624cfd41d85f', 'Администрация Шолоховского сельского поселения'),
('4686a81c-95cf-44bb-934b-69a18950c22b', 'Администрация Подольского сельского поселения'),
('45b917ad-a5b2-4aaa-9305-4b8ca9fe649e', 'Администрация Александровского сельского поселения'),
('44d08363-fb42-4d1b-ac63-8109ad9ab57b', 'Администрация Власовского сельского поселения'),
('43e4e062-d676-4e89-af21-763a47fabe6f', 'Админстрация Усть-Нейского сельского поселения'),
('3da2998b-ed2d-476d-8339-347b64ee712e', 'Администрация городского поселения город Нерехта'),
('3cbd980d-5934-4f53-abec-42c61e89f699', 'Администрация Павинского сельского поселения'),
('3ca91d13-345a-4f3a-9d22-8cef5680feaa', 'Администрация Костромского муниципального района'),
('3c4fd1db-6888-4145-861b-7bdd5962a1a9', 'Администрация Апраксинского сельского поселения'),
('38e7a496-1d68-4d43-a279-8070e197bb19', 'Администрация Никольского сельского поселения'),
('37bcf762-79d6-4da9-8ffa-dbb5eab795ad', 'Администрация Ченцовского сельского поселения'),
('35be1e0b-3dc1-42a9-837a-a62ef79b405d', 'Администрация Вешкинского сельского поселения'),
('35767cce-9987-4da9-9215-3ace49ed04b6', 'Администрация Чухломского сельского поселения'),
('3501f2da-1e5f-4f79-ab19-4ae6ee468c4b', 'Администрация Чернопенского сельского поселения'),
('336c5665-d9d0-4fd6-b55f-440035fa2b87', 'Администрация Леденгского сельского поселения'),
('2f07ec51-b967-4f33-b003-1f8a68bc1868', 'Администрация Родинского  сельского поселения'),
('2e3353f7-8260-4e4b-90e6-7fc025a40c59', 'Администрация Леонтьевского сельского поселения'),
('2d320408-492f-4dfe-9a21-4d9aeee018a9', 'Администрация Судиславского сельского поселения'),
('2cea0bdc-bcb8-4628-80de-f2cff14c4641', 'Администрация Волжского сельского поселения'),
('2bacb986-6b91-477a-9ed9-71c9daeae350', 'Администрация Екатеринкинского сельского поселения'),
('29af9a52-de49-42fc-91af-6dd1e1ad8bf0', 'Администрация Самсоновского сельского поселения'),
('279d09cf-ff66-4526-9aeb-1a12072d9262', 'Администрация Середняковского сельского поселения'),
('26f7be3b-988f-4616-9d85-0aad5b06419f', 'Администрация Крутогорского сельского поселения'),
('2691f015-1666-4573-9005-f1a7b0c031de', 'Администрация городского поселения поселок Кадый'),
('2649cdad-a32b-4162-ad8a-c618ed630a98', 'Администрация Прискоковского сельского поселения'),
('248e9cae-3ae1-4e07-9bad-bfc38dde6143', 'Админстрация Унженского сельского поселения'),
('21fe59ca-992c-45af-9c74-559f7f688498', 'Администрация Повалихинского сельского поселения'),
('20d7947a-351e-4ef6-9085-5ca9d8499e6c', 'Администрация Верхнеспасского сельского поселения'),
('205b7566-df92-4231-ac67-a4349bcc9223', 'Администрация Васильевского сельского поселения'),
('205126e6-32fe-4428-898b-9cc80d345b92', 'Администрация Минского сельского поселения'),
('1ebb067d-3b6f-4639-899f-bd79657920a7', 'Администрация муниципального района г.Нерехта и Нерехтский район'),
('1d7e5b0f-7e20-40da-944b-066fd9b2b442', 'Администрация Ёмсненского сельского поселения'),
('1b25d740-3fc0-4cc3-8a9e-d27832699793', 'Администрация Барановского сельского поселения'),
('19a92111-d7be-4422-80af-0a4d7b223126', 'Администрация Номженского сельского поселения'),
('19a7ca8f-9eb4-413c-a373-33265ebf0dd4', 'Департамент культуры Костромской области'),
('17b7c67a-df0a-4f7b-9466-c6acbb1245d5', 'Администрация Поназыревского муниципального района'),
('16be20ba-c123-493d-8d4c-27113b2d8938', 'Администрация Игодовского сельского поселения'),
('11c07d97-9d33-4f6e-86bc-7a936bb4b75f', 'Администрация Палкинского сельского поселения'),
('1134cf7d-1261-48d3-aec5-e1299237e575', 'Администрация Октябрьского сельского поселения'),
('10938fcf-ef93-4d24-9f74-c3e02fface53', 'Администрация Пыщугского муниципального района'),
('10916efb-ffbb-4287-b976-abc1def285f1', 'Администрация Полдневицкого сельского поселения'),
('0f73da7e-1781-4216-bfe2-4ceebd9804cd', 'Администрация городского поселения город Кологрив'),
('0f727f57-17ac-458e-b059-1d699537a039', 'Администрация Пригородного сельского поселения'),
('0d6501ad-f83e-43fd-8765-44e67cb317dd', 'Администрация Кужбальского сельского поселения'),
('0b69de8c-e1d5-4fc0-9196-2eeec6efb71a', ' Администрация Головинского сельского поселения Шарьинского муниципального района'),
('0aff33e1-9386-4324-8494-222f965034e6', 'Администрация Парфеньевского муниципального района'),
('0aef3fbc-cdc4-41a5-aad8-26e2377fec6c', 'Администрация городского округа город Шарья'),
('0ac801cf-ca53-47d1-93f3-0516b6b2927b', 'Администрация Красносельского муниципального района'),
('0aa15a14-6b92-4092-a176-2dc803ae4773', 'Филиал ФГБУ «Федеральная кадастровая палата Росреестра»'),
('0994bc5c-7fb9-4728-b8b5-04d2b022004d', 'Администрация Кузьмищенского сельского поселения'),
('08e25246-6e97-43c6-a638-c060d120c761', 'Администрация Центрального сельского поселения'),
('082a828a-4717-4679-9661-6aabdb85b562', 'Администрация Паньковского сельского поселения'),
('077c6b01-88ea-440c-a903-620504a375ec', 'Администрация Потрусовского сельского поселения'),
('06ec11fb-8bbd-4ce0-a2bf-1551f77e1d92', 'Администрация Сусанинского муниципального района'),
('06335d7d-6dc6-485e-ac50-6c7c82592021', 'Администрация Расловского сельского поселения'),
('05ade886-9877-4fa5-a709-6555e930fd3d', 'Администрация Парфеньевского сельского поселения'),
('0594d364-7d24-438b-994b-c1c725bcb046', 'Администрация Шунгенского сельского поселения'),
('0322ca96-9657-468b-8b06-f5e4fcb797be', 'Администрация Подвигалихинского сельского поселения'),
('02992f34-fff5-43a2-b83e-2111d1c89dc2', 'Администрация Клеванцовского сельского поселения'),
('0239a83f-2878-4ba8-9841-7704e37db34b', 'Администрация Сущевского сельского поселения'),
('01cc95a7-09d0-4136-92ee-79add03e8c68', 'Администрация Новинского сельского поселения'),
('00e16eb1-b60e-409d-a821-3d32dff715f7', 'Администрация Кологривского муниципального района'),
('007f1136-549d-4318-88bd-b1bce752c52d', 'Администрация Шемятинского сельского поселения'),
('006db9f1-86e2-4904-b482-0467c8e0cf73', 'Управление ветеринарии Костромской области'),
('d4bc1178-5390-494a-a1e9-3d795d68690f', 'Администрация Коткишевского сельского поселения'),
('d9290fae-c171-4716-be3f-15f1d3fb22c7', 'Администрация Степановского сельского поселения'),
('dc390f77-ecbc-496e-8c47-1ab766222909', 'Администрация Андреевского сельского поселения'),
('ddf41301-401f-4c04-81e3-caae95dd799f', 'Администрация Тихоновского сельского поселения'),
('de45cef3-9374-433f-a0d0-8e5fa4cdfcdd', 'Департамент строительства, архитектуры и градостроительства Костромской области'),
('df1a1501-99c4-49a4-98fd-2e718eb8af68', 'Администрация ГП поселок Красное-на-Волге'),
('df4883e3-1c43-4df8-af01-bf978d247894', 'Департамент лесного хозяйства Костромской области'),
('e089277e-f57d-49e7-ad0a-171d3445070f', 'Администрация Караваевского сельского поселения'),
('e1acf4b6-b6d7-4c48-bea7-858c42982661', 'Администрация Островского муниципального района'),
('e1b04167-dc61-4ab0-be98-6f5de1f0928b', 'Администрация Знаменского сельского поселения'),
('e2f1464d-bb44-409a-b3d6-7112b91419bb', 'Администрация Октябрьского муниципального района'),
('e4092903-3fa6-4501-b860-cd7212fed3ff', ' Администрация Георгиевского сельского поселения'),
('ead0481d-32b4-4c50-a736-ea2c3f22d7a2', 'Администрация Варакинского сельского поселения'),
('ee8e8b4d-f3e0-42da-b1be-bcc3caaa98f1', 'Администрация Березовского сельского поселения'),
('f080ad01-b344-494f-b087-54f4deea78fc', 'Администрация Носковского сельского поселения'),
('f0f47d44-5106-4a96-b144-e6eb2facef1a', 'Администрация городского округа город Галич'),
('f11e9e62-426b-4243-802c-788c4f16f92d', 'Администрация Столпинского сельского поселения'),
('f27ac5d6-b189-4f6c-83d0-70900b9d19f9', 'Администрация Советского  сельского поселения'),
('f31bdbbc-80e9-479a-b450-ec81371440fd', 'Администрация Бельсковского сельского поселения'),
('f333e17b-4c4f-4cd2-ae6d-a20b693be4a9', 'Администрация Ильинского сельского поселения'),
('f44787e1-4732-448a-a901-083815c5d88b', 'Администрация Одоевское сельского поселения'),
('f4fc3eb8-e924-4af2-a8ed-94eaafe62fc4', 'Администрация Сандогорского сельского поселения'),
('f522e102-9076-4c5c-99fa-6769a979b55a', 'Администрация Вожеровского сельского поселения'),
('fab38f10-e6dc-45d0-a664-0a064b45eb37', 'Администрация городского поселения г. Солигалич'),
('fb80701f-57e2-4e17-b9c5-409328bc672e', 'Администрация городского округа город Мантурово'),
('fba2d166-4485-44da-adcb-036e84b50d90', 'Администрация Селищенского сельского поселения'),
('fed5ffea-3a47-4993-bb3e-3eec7dba9477', 'Администрация Еленского сельского поселения'),
('ff852caa-19b0-40e5-9fc5-d60f582d7d5c', 'Администрация Шангского сельского поселения'),
('0094568d-cb90-416f-8dbb-da7685b78a16', '1 зональный отдел (общедоступные угодья Алексеевского, Вейделевского, Ровеньского, Красненского районов)'),
('57614ee8-62f2-43b2-8db8-ed2b8253f7d8', '6 зональный отдел (общедоступные угодья Яковлевского, Прохоровского, Ивнянского районов)'),
('5dff1f51-0865-48d4-9f96-90e366f6d383', '4 зональный отдел (общедоступные угодья Краснояружского, Борисовского, Грайворонского, Ракитянского районов)'),
('aad650ea-6136-4751-a2a5-dd26c4a8c2dc', '2 зональный отдел (общедоступные угодья Белгородского, Корочанского, Шебекинского районов)'),
('bac32405-3b06-4330-bc8f-a19f0667e0af', '3 зональный отдел (общедоступные угодья Валуйского, Волоконовского, Красногвардейского, Новооскольского районов)'),
('cb266c95-cae6-421e-9dfe-9d335fe95108', 'Управление охраны и использования объектов животного мира, водных биологических ресурсов и среды их обитания'),
('f3862ddf-96c2-40ed-ba93-8b745c08e7b7', '5 зональный отдел (общедоступные угодья Старооскольского, Губкинского, Чернянского районов)');

-- --------------------------------------------------------

--
-- Структура таблицы `products`
--

CREATE TABLE `products` (
  `id` char(40) NOT NULL,
  `name` varchar(512) NOT NULL,
  `action_type` char(4) NOT NULL,
  `recordlimit` int(4) NOT NULL,
  `description` varchar(1024) NOT NULL,
  `timereglament` int(5) NOT NULL DEFAULT '900',
  `timedelta` int(10) DEFAULT NULL,
  UNIQUE KEY `id` (`id`)
) ENGINE=MyISAM DEFAULT CHARSET=utf8;

--
-- Дамп данных таблицы `products`
--

INSERT INTO `products` (`id`, `name`, `action_type`, `recordlimit`, `description`, `timereglament`, `timedelta`) VALUES
('E2BB64ED-0FF0-FC30-56FE-2FEE378FD36A', 'Справка о доходах, выдача', '', 900, '', 120, NULL),
('C897FB38-A191-D4F8-AF5A-DA418FDAEF5A', 'Оплата электроэнергии (по полной)', 'CONS', 9, '--Нет--', 1200, NULL),
('A8A0D718-216A-0125-CDD9-3B663475FE23', 'Субсидии на оплату услуг ЖКХ', 'DOCP', 50, '-', 230, NULL),
('80c5bdd0-033e-42ea-8c35-0faa5e4325b6', 'Назначение субсидии на оплату жилого помещения и коммунальных услуг_ОИВ', '', 0, '1. Заявителями, в отношении которых предоставляется государственная услуга, являются граждане Российской Федерации, а также иностранные граждане, если это предусмотрено международными договорами Российской Федерации, семьи или одиноко проживающие граждане, из числа:\r\n• пользователей жилого помещения в государственном или муниципальном жилищном фонде;\r\n• нанимателей жилого помещения по договору найма в частном жилищном фонде;\r\n• членов жилищного или жилищно-строительного кооператива;\r\n•  собственников жилого помещения (квартиры, жилого дома, части квартиры или жилого дома),\r\nВ случае если их расходы на оплату жилого помещения и коммунальных услуг, рассчитанные исходя из размера региональных стандартов нормативной площади жилого помещения, используемой для расчета субсидий, и размера региональных стандартов стоимости жилищно-коммунальных услуг, превышают величину, соответствующую максимально допустимой доле расходов граждан на оплату жилого помещения и коммунальных услуг в совокупном доходе семьи (далее - заявит', 900, NULL),
('02224883-3ec7-4f13-8c77-23af12959291', 'Назначение ежемесячной денежной компенсации в возмещение вреда, причиненного здоровью в связи с радиационным воздействием вследствие чернобыльской катастрофы либо с выполнением работ по ликвидации последствий катастрофы на Чернобыльской АЭС', '', 0, '1. Заявителями, в отношении которых предоставляется государственная услуга, являются граждане Российской Федерации, проживающие на территории Костромской области:\r\n•  инвалиды вследствие чернобыльской катастрофы из числа:\r\n• граждан, получивших или перенесших лучевую болезнь и другие заболевания, связанные с радиационным воздействием вследствие чернобыльской катастрофы или с работами по ликвидации последствий катастрофы на Чернобыльской АЭС;\r\n• граждан (в том числе временно направленных или командированных), принимавших участие в ликвидации последствий катастрофы в пределах зоны отчуждения или занятых на эксплуатации или других работах на Чернобыльской АЭС;\r\n• военнослужащих и военнообязанных, призванных на специальные сборы и привлеченных к выполнению работ, связанных с ликвидацией последствий чернобыльской катастрофы, независимо от места дислокации и выполнявшихся работ, а также лиц начальствующего и рядового состава органов внутренних дел, Государственной противопожарной службы, проходивших (проходящих) слу', 900, NULL),
('0856cf60-0c65-491a-b8bd-3e6a0311a6d7', 'Предоставление сведений, содержащихся в реестре дисквалифицированных лиц', '', 0, '1. Информация из реестра дисквалифицированных лиц (далее - Реестр) предоставляется всем заинтересованным лицам. \r\n2. Срок предоставления информации составляет 5 дней со дня получения соответствующего запроса.\r\n3. Перечень документов является исчерпывающим. В списке опциональных документов указаны документы, которые запрашиваются уполномоченным органом, МФЦ самостоятельно посредством межведомственного взаимодействия.\r\n4. Подробная информация по услуге: https://wiki.egspace.ru/mfc/M44103003.\r\n', 900, NULL),
('0d09ef4c-acb7-4ce7-8af4-6b04a3587186', 'Назначение единовременного пособия женщинам, вставшим на учет в медицинских учреждениях в ранние сроки беременности', '', 0, '1. Заявителями, в отношении которых предоставляется государственная услуга, являются вставшие на учет в медицинских учреждениях в ранние сроки беременности (до двенадцати недель) женщины, уволенные в связи с ликвидацией организаций, прекращением физическими лицами деятельности в качестве индивидуальных предпринимателей, прекращением полномочий нотариусами, занимающимися частной практикой, и прекращением статуса адвоката, а также в связи с прекращением деятельности иными физическими лицами, чья профессиональная деятельность в соответствии с федеральными законами подлежит государственной регистрации и (или) лицензированию, в течение двенадцати месяцев, предшествовавших дню признания их в установленном порядке безработными (далее - заявители).\r\nОт имени заявителя с заявлением о предоставлении государственной услуги может обратиться его представитель (далее - представитель заявителя).\r\n2. Документы, представляемые заявителем, должны соответствовать следующим требованиям:\r\n•  тексты документов должны быть написаны ', 900, NULL),
('19477a5d-c2d5-46c4-a96a-26d1bcadb465', 'Назначение единовременной компенсации за вред здоровью гражданам, ставшим инвалидами вследствие чернобыльской катастрофы, и семьям, потерявшим кормильца вследствие чернобыльской катастрофы', '', 0, '1. Заявителями являются граждане Российской Федерации, проживающие на территории Костромской области:\r\n• инвалиды вследствие чернобыльской катастрофы из числа:\r\n• граждан (в том числе временно направленных или командированных), принимавших участие в ликвидации последствий катастрофы в пределах зоны отчуждения или занятых на эксплуатации или других работах на Чернобыльской АЭС;\r\n• военнослужащих и военнообязанных, призванных на специальные сборы и привлеченных к выполнению работ, связанных с ликвидацией последствий чернобыльской катастрофы, независимо от места дислокации и выполнявшихся работ, а также лиц начальствующего и рядового состава органов внутренних дел, Государственной противопожарной службы, проходивших (проходящих) службу в зоне отчуждения;\r\n• граждан, эвакуированных из зоны отчуждения и переселенных из зоны отселения либо выехавших в добровольном порядке из указанных зон после принятия решения об эвакуации;\r\n•  граждан, отдавших костный мозг для спасения жизни людей, пострадавших вследствие чернобы', 900, NULL),
('1a3de5be-220e-408d-bfd2-c2701cee299a', 'Назначение ежегодной компенсации на оздоровление участникам ликвидации последствий катастрофы на Чернобыльской АЭС', '', 0, '1. Заявителями, в отношении которых предоставляется государственная услуга, являются граждане Российской Федерации, проживающие на территории Костромской области, из числа:\r\n•  граждан (в том числе временно направленных или командированных), принимавших в 1986-1987 годах участие в работах по ликвидации последствий чернобыльской катастрофы в пределах зоны отчуждения или занятых в этот период на работах, связанных с эвакуацией населения, материальных ценностей, сельскохозяйственных животных, и на эксплуатации или других работах на Чернобыльской АЭС; военнослужащих и военнообязанных, призванных на специальные сборы и привлеченных в этот период для выполнения работ связанных с ликвидацией последствий чернобыльской катастрофы в пределах зоны отчуждения, включая летно-подъемный, инженерно-технический составы гражданской авиации, независимо от места дислокации и выполнявшихся работ; лиц начальствующего и рядового состава органов внутренних дел, проходивших в 1986-1987 годах службу в зоне отчуждения; граждан, в том чи', 900, NULL),
('1ddeddc8-47a2-4900-a1ba-8fdce2c8e43d', 'Назначение ежемесячной доплаты к государственной пенсии гражданам, имеющим особые заслуги перед Костромской областью в государственной, общественной деятельности, промышленном, сельскохозяйственном производстве, строительстве, образовании, здравоохранении, науке, культуре, искусстве, физической культуре и спорте, укреплении законности, правопорядка, иных сферах, не имеющим иных доплат к пенсии в соответствии с законодательством Костромской области', '', 0, '1. Заявителями, в отношении которых предоставляется государственная услуга, являются граждане, проживающие на территории Костромской области, имеющие особые заслуги перед Костромской областью в государственной, общественной деятельности, промышленности, сельскохозяйственном производстве, строительстве, образовании, здравоохранении, науке, культуре, искусстве, физической культуре и спорте, укреплении законности, правопорядка, иных сферах, не имеющие иных доплат к пенсии, в соответствии с законодательством Костромской области:\r\n• удостоенные почетного звания СССР, РСФСР, Российской Федерации при наличии орденов СССР, РСФСР и Российской Федерации или медали ордена "За заслуги перед Отечеством";\r\n• удостоенные звания лауреата Ленинской премии, лауреата Государственной премии СССР, РСФСР, Российской Федерации при наличии орденов СССР, РСФСР и Российской Федерации или медали ордена "За заслуги перед Отечеством";\r\n•  пенсионеры, которым до 1 января 1992 года были назначены персональные пенсии союзного или республикан', 900, NULL),
('26ac8fe7-55b1-461b-8d6f-4035d648eefa', 'Назначение ежемесячной доплаты к пенсии гражданам, замещавшим не менее 15 лет на постоянной основе должности руководителей сельскохозяйственных организаций независимо от организационно-правовых форм и форм собственности, производящих сельскохозяйственную продукцию на территории Костромской области, и вышедшим на пенсию', '', 0, '1. Заявителями, в отношении которых предоставляется государственная услуга, являются граждане, проживающие на территории Костромской области, замещавшие не менее 15 лет на постоянной основе должности руководителей сельскохозяйственных организаций независимо от организационно-правовых форм и форм собственности, производящих сельскохозяйственную продукцию на территории Костромской области, и вышедшие на пенсию:\r\n•  награжденные государственными наградами СССР, РСФСР, Российской Федерации или наградами Костромской области;\r\n• удостоенные почетных званий СССР, РСФСР, Российской Федерации или Костромской области;\r\n• награжденные ведомственными наградами Министерства сельского хозяйства Российской Федерации (далее - заявители).\r\nОт имени заявителя с заявлением о предоставлении государственной услуги может обратиться его представитель (далее - представитель заявителя).\r\n2. Документы, представляемые заявителем, должны соответствовать следующим требованиям:\r\n•  тексты документов должны быть написаны разборчиво;\r\n• фамил', 900, NULL),
('42aeae15-6d85-4e78-8358-64984964979c', 'Назначение ежемесячной компенсации семьям за потерю кормильца, участвовавшего в ликвидации последствий катастрофы на Чернобыльской АЭС', '', 0, '1. Заявителями являются граждане Российской Федерации, проживающие на территории Костромской области:\r\n• нетрудоспособные члены семьи, бывшие на иждивении участника ликвидации последствий катастрофы на Чернобыльской АЭС, потерявшие кормильца;\r\n•  законные представители несовершеннолетних детей участника ликвидации последствий катастрофы на Чернобыльской АЭС, потерявших кормильца;\r\n•  нетрудоспособные члены семьи и законные представители несовершеннолетних детей, потерявших кормильца из числа:\r\n• граждан (в том числе временно направленных или командированных), включая военнослужащих и военнообязанных, призванных на специальные сборы, лиц начальствующего и рядового состава органов внутренних дел, органов государственной безопасности, органов гражданской обороны, принимавших в 1957-1958 годах непосредственное участие в работах по ликвидации последствий аварии в 1957 году на производственном объединении "Маяк", а также граждан, включая военнослужащих и военнообязанных, призванных на специальные сборы, лиц начальств', 900, NULL),
('5bc32ab8-3ada-45d7-ada3-745d8a7b764d', 'Выдача лицензий на розничную продажу алкогольной продукции на территории Костромской области', '', 0, '1. Заявителями, в отношении которых предоставляется государственная услуга, являются юридические лица. От имени заявителя с заявлением о предоставлении государственной услуги может обратиться его представитель.\r\n2. Основания для отказа в приеме документов нормативными правовыми актами, регулирующими предоставление государственной услуги, не предусмотрены.\r\n3. Основаниями для отказа в предоставлении государственной услуги являются:\r\n 1) выявление в представленных документах недостоверной, искаженной или неполной информации;\r\n 2) наличие у заявителя на дату поступления в департамент заявления о предоставлении государственной услуги задолженности по уплате налогов, сборов, а также пеней и штрафов за нарушение законодательства Российской Федерации о налогах и сборах, подтвержденной справкой налогового органа в форме электронного документа, полученной с использованием информационно-телекоммуникационных сетей общего пользования, в том числе информационно-телекоммуникационной сети «Интернет», по запросу департамента', 900, NULL),
('69112c77-c5d9-41b6-bc44-999f597aa1a7', 'Назначение частичного возмещения затрат на проезд неработающим пенсионерам для получения медицинской помощи в областных лечебно-профилактических учреждениях', '', 0, '1. Заявителями, в отношении которых предоставляется государственная услуга, являются граждане Российской Федерации, постоянно или временно проживающие на территории Костромской области, из числа неработающих пенсионеров, вышедших на пенсию по старости, имеющих доход, размер которого не превышает величину прожиточного минимума в Костромской области (далее - заявители).\r\nОт имени заявителя с заявлением о предоставлении государственной услуги может обратиться его представитель (далее - представитель заявителя).\r\n2. Документы, представляемые заявителем, должны соответствовать следующим требованиям:\r\n• тексты документов должны быть написаны разборчиво;\r\n• фамилия, имя и отчество (при наличии) заявителя, его адрес места жительства, телефон (если есть) должны быть написаны полностью;\r\n• документы не должны содержать подчисток, приписок, зачеркнутых слов и иных неоговоренных исправлений;\r\n•  документы не должны быть исполнены карандашом;\r\n• документы не должны иметь серьезных повреждений, наличие которых допускает нео', 900, NULL),
('6d2b6a48-a300-4b2d-aa86-a820e5b730d7', 'Назначение ежемесячной денежной компенсации на приобретение продовольственных товаров гражданам, подвергшимся радиационному воздействию вследствие ядерных испытаний на Семипалатинском полигоне, получившим суммарную (накопительную) эффективную дозу облучения, превышающую 25 СЗВ (БЭР)', '', 0, '1. Заявителями, в отношении которых предоставляется государственная услуга, являются: граждане Российской (Федерации, проживающие на территории Костромской области, из числа граждан, подвергшихся радиационному воздействию вследствие ядерных испытаний на Семипалатинском полигоне и получивших суммарную (накопленную) эффективную дозу облучения, превышающую 25 сЗв (бэр) (далее - заявители).\r\nОт имени заявителя с заявлением о предоставлении государственной услуги может обратиться его представитель (далее - представитель заявителя).\r\n2. Документы, предоставляемые заявителем, должны соответствовать следующим требованиям:\r\n•  тексты документов должны быть написаны разборчиво; \r\n•  документы не должны содержать подчисток, приписок, зачеркнутых слов и иных неоговоренных исправлений;\r\n•  документы не должны быть исполнены карандашом;\r\n• документы не должны иметь серьезных повреждений, наличие которых допускает неоднозначность их толкования;\r\n•  фамилия, имя и отчество (при наличии) заявителя, его адрес места жительства, тел', 900, NULL),
('7ba5b18f-0f8e-458c-b214-e8ba9e0f0ea4', 'Предоставление права аренды  земельных участков, государственная собственность на которые не разграничена, на территории города Костромы, для строительства, с предварительным согласованием мест размещения объектов', '', 0, '1. Заявителями, которым предоставляется государственная услуга, являются: \r\n• граждане Российской Федерации;\r\n• индивидуальные предприниматели;\r\n•  юридические лица, зарегистрированные на территории Российской Федераци.\r\nОт имени заявителя с заявлением о предоставлении государственной услуги может обратиться его представитель (далее – представитель заявителя). \r\n2. Документы, предоставляемые заявителем, должны соответствовать следующим требованиям:\r\n• полномочия представителя оформлены в установленном законом порядке;\r\n•  тексты документов написаны разборчиво; \r\n•  фамилия, имя и отчество заявителя,  адрес его места жительства, номер телефона (при наличии) написаны полностью;\r\n• в документах нет подчисток, приписок, зачеркнутых слов и иных неоговоренных исправлений;\r\n• документы исполнены не карандашом;\r\n• документы не имеют серьезных повреждений, наличие которых допускает многозначность истолкования содержания.\r\n3. Основаниями для отказа в приёме документов, необходимых для предоставления государственной услуги', 900, NULL),
('8055458c-26dd-46cd-b904-8c09cbc4fc20', 'Назначение меры социальной поддержки по оплате твердого топлива в денежной форме отдельным категориям граждан', '', 0, '1. Заявителями, в отношении которых предоставляется государственная услуга, являются отдельные категории граждан (подробнее: https://wiki.egspace.ru/mfc/M4433003 ).\r\nОт имени заявителя с заявлением о предоставлении государственной услуги может обратиться его представитель (далее - представитель заявителя).\r\n2. Документы, представляемые заявителем, должны соответствовать следующим требованиям:\r\n•  тексты документов должны быть написаны разборчиво;\r\n• фамилия, имя и отчество (при наличии) заявителя, его адрес места жительства, телефон (если есть) должны быть написаны полностью;\r\n• документы не должны содержать подчисток, приписок, зачеркнутых слов и иных неоговоренных исправлений;\r\n•  документы не должны быть исполнены карандашом;\r\n• документы не должны иметь серьезных повреждений, наличие которых допускает неоднозначность их толкования.\r\nДокументы, необходимые для получения государственной услуги, могут быть представлены как в подлинниках, так и в копиях, заверенных выдавшей документы организацией (органом, учре', 900, NULL),
('835a2ae3-deca-4fef-8846-a4d944121a61', 'Назначение ежегодной компенсации детям, потерявшим кормильца, участвовавшего в ликвидации последствий катастрофы на Чернобыльской АЭС', '', 0, '1. Заявителями, в отношении которых предоставляется государственная услуга, являются граждане Российской Федерации, проживающие на территории Костромской области, из числа детей, не достигших возраста 18 лет, а также детей, обучающихся по очной форме в образовательных учреждениях до достижения ими возраста 23 лет, потерявшие кормильца - участника ликвидации последствий катастрофы на Чернобыльской АЭС, независимо от того, состояли ли они на его иждивении (далее - заявители).\r\nОт имени заявителя с заявлением о предоставлении государственной услуги может обратиться его представитель (далее - представитель заявителя).\r\n2. Документы, представляемые заявителем, должны соответствовать следующим требованиям:\r\n•  тексты документов должны быть написаны разборчиво;\r\n• фамилия, имя и отчество (при наличии) заявителя, его адрес места жительства, телефон (если есть) должны быть написаны полностью;\r\n• документы не должны содержать подчисток, приписок, зачеркнутых слов и иных неоговоренных исправлений;\r\n•  документы не должны ', 900, NULL),
('9243c584-f68b-4bb6-9c46-edff23e6e215', 'Прием от застрахованных лиц заявлений о выборе инвестиционного портфеля (управляющей компании), о переходе в негосударственный пенсионный фонд или о переходе в Пенсионный фонд Российской Федерации из негосударственного пенсионного фонда для передачи им средств пенсионных накоплений', '', 0, '1. Лицами, которым предоставляется государственная услуга, являются граждане Российской Федерации, а также проживающие на территории Российской Федерации иностранные граждане и лица без гражданства, на которых распространяется обязательное пенсионное страхование и за которых уплачиваются (уплачивались) страховые взносы на финансирование накопительной части трудовой пенсии (далее - заявители, застрахованные лица).\r\n2. Отказ в приеме заявления не допускается.\r\n3. В предоставлении государственной услуги отказывается в случаях:\r\n• подачи застрахованным лицом заявления о выборе инвестиционного портфеля (управляющей компании) с нарушением срока, установленного пунктом 4 статьи 32 Федерального закона "Об инвестировании средств для финансирования накопительной части трудовой пенсии в Российской Федерации" (заявление направляется в ПФР не позднее 31 декабря текущего года), указанное заявление в соответствии с пунктом 5 статьи 32 названного Федерального закона оставляется без рассмотрения;\r\n•  подачи застрахованным лицо', 900, NULL),
('9ce075ce-8ad9-4ea6-925a-143a955a26de', 'Назначение ежемесячной доплаты к пенсии инвалидам вследствие ранения, контузии или увечья, полученных в период боевых действий в Республике Афганистан или при выполнении задач в условиях вооруженного конфликта в Чеченской Республике', '', 0, '1. Заявителями, в отношении которых предоставляется государственная услуга, являются граждане, проживающие на территории Костромской области, из числа инвалидов вследствие ранения, контузии или увечья, полученных в период боевых действий в Республике Афганистан или при выполнении задач в условиях вооруженного конфликта в Чеченской Республике и на прилегающих к ней территориях Российской Федерации, отнесенных к зоне вооруженного конфликта, или в ходе контртеррористических операций на территории Северо-Кавказского региона (далее - заявители).\r\nОт имени заявителя с заявлением о предоставлении государственной услуги может обратиться его представитель (далее - представитель заявителя).\r\n2. Документы, представляемые заявителем, должны соответствовать следующим требованиям:\r\n• тексты документов должны быть написаны разборчиво;\r\n• фамилия, имя и отчество (при наличии) заявителя, его адрес места жительства, телефон (если есть) должны быть написаны полностью;\r\n• документы не должны содержать подчисток, приписок, зачерк', 900, NULL),
('a5d15871-8a6d-44c5-a75f-fe2837e90b30', 'Предоставление ежегодной денежной выплаты гражданам, награжденным нагрудным знаком «Почетный донор России», «Почетный донор СССР»', '', 0, '1. Лицами, имеющими право на получение государственной услуги по осуществлению ежегодной денежной выплаты (далее - государственная услуга), являются лица, награжденные нагрудным знаком "Почетный донор России", "Почетный донор СССР" (далее - заявители).\r\nОт имени заявителя с заявлением о предоставлении государственной услуги может обратиться его представитель (далее - представитель заявителя) при наличии доверенности, отвечающей требованиям действующего гражданского законодательства, или иного документа, подтверждающего право на обращение от имени заявителя.\n2. Документы, предоставляемые заявителем, должны соответствовать следующим требованиям:\n• тексты документов должны быть написаны разборчиво; \n•  документы не должны содержать подчисток, приписок, зачеркнутых слов и иных неоговоренных исправлений;\n•  документы не должны быть исполнены карандашом;\n• документы не должны иметь серьезных повреждений, наличие которых допускает неоднозначность их толкования;\n•  фамилия, имя и отчество (при наличии) заявителя, его ад', 900, NULL),
('a92bdb9f-0f06-42c5-85d3-f5e1365067e6', 'Назначение ежемесячной социальной выплаты ветеранам труда', '', 0, '1. Заявителями, в отношении которых предоставляется государственная услуга, являются граждане, имеющие право на ежемесячную социальную выплату в соответствии с законами и постоянно проживающие на территории Костромской области:\r\n - ветераны труда, ветераны труда Костромской области.\r\nОт имени заявителя с заявлением о предоставлении государственной услуги может обратиться его представитель.\r\n\r\n2. Документы, представляемые заявителем, должны соответствовать следующим требованиям:\r\n  - тексты документов должны быть написаны разборчиво;\r\n  - фамилия, имя и отчество (при наличии) заявителя, его адрес места жительства, телефон (если есть) должны быть написаны полностью;\r\n  - документы не должны содержать подчисток, приписок, зачеркнутых слов и иных неоговоренных исправлений;\r\n - документы не должны быть исполнены карандашом;\r\n  - документы не должны иметь серьезных повреждений, наличие которых допускает неоднозначность их толкования.\r\nДокументы, необходимые для получения государственной услуги, могут быть представлены ', 900, NULL),
('b3563f98-5678-4836-8655-0d23399b3ac7', 'Прием от застрахованных лиц заявлений о добровольном вступлении в правоотношения по обязательному пенсионному страхованию в целях уплаты дополнительных страховых взносов на накопительную часть трудовой пенсии', '', 0, '1. Заявителями при предоставлении государственной услуги являются застрахованные лица в соответствии со статьями 7 и 29 Федерального закона от 15 декабря 2001 г. N 167-ФЗ "Об обязательном пенсионном страховании в Российской Федерации", то есть лица, добровольно вступившие в правоотношения по обязательному пенсионному страхованию в целях уплаты дополнительных страховых взносов на накопительную часть трудовой пенсии (далее - застрахованные лица).\r\nЗастрахованные лица могут обратиться за предоставлением государственной услуги через своего работодателя.\r\n2. Основанием для отказа в приеме документов, необходимых для предоставления государственной услуги, является признание недействительности электронной подписи застрахованного лица в порядке, установленном Федеральным законом от 6 апреля 2011 г. N 63-ФЗ, выявленное в результате его проверки.\r\n3. Основания для приостановления или отказа в предоставлении государственной услуги в законодательстве Российской Федерации отсутствуют.\r\n4. Прием от застрахованных лиц заявл', 900, NULL),
('bb225766-e30b-48ef-ac37-2184a3d878d8', 'Назначение государственного единовременного пособия гражданам при возникновении у них поствакцинальных осложнений', '', 0, '1. Заявителями, в отношении которых исполняется государственная услуга, являются граждане Российской Федерации, иностранные граждане и лица без гражданства, постоянно или временно проживающие на территории Костромской области (далее - заявители):\r\n• граждане, у которых установлено наличие поствакцинального осложнения;\r\n•  один из членов семьи гражданина в случае его смерти, наступившей вследствие поствакцинального осложнения (круг членов семьи, имеющих право на получение указанного пособия, определяется в соответствии со статьей 9 Федерального закона "О трудовых пенсиях в Российской Федерации").\r\nОт имени заявителя с заявлением о предоставлении государственной услуги может обратиться его представитель (далее - представитель заявителя).\r\n2. Документы, представляемые заявителем, должны соответствовать следующим требованиям:\r\n•  тексты документов должны быть написаны разборчиво;\r\n• фамилия, имя и отчество (при наличии) заявителя, его адрес места жительства, телефон (если есть) должны быть написаны полностью;\r\n• до', 900, NULL),
('becc8023-bad2-463e-ab1a-b443fe63a8bb', 'Назначение ежемесячной денежной компенсации гражданам, признанным инвалидами вследствие поствакцинальных осложнений', '', 0, '1. Заявителями, в отношении которых исполняется государственная услуга, являются граждане Российской Федерации, иностранные граждане и лица без гражданства, постоянно или временно проживающие на территории Костромской области, признанные в установленном порядке инвалидами вследствие поствакцинального осложнения (далее - заявители).\r\nОт имени заявителя с заявлением о предоставлении государственной услуги может обратиться его представитель (далее - представитель заявителя).\r\n2. Документы, представляемые заявителем, должны соответствовать следующим требованиям:\r\n• тексты документов должны быть написаны разборчиво;\r\n• фамилия, имя и отчество (при наличии) заявителя, его адрес места жительства, телефон (если есть) должны быть написаны полностью;\r\n• документы не должны содержать подчисток, приписок, зачеркнутых слов и иных неоговоренных исправлений;\r\n•  документы не должны быть исполнены карандашом;\r\n• документы не должны иметь серьезных повреждений, наличие которых допускает неоднозначность их толкования.\r\nДокумент', 900, NULL);
INSERT INTO `products` (`id`, `name`, `action_type`, `recordlimit`, `description`, `timereglament`, `timedelta`) VALUES
('c5d2514f-68c5-43cd-9809-26779c71452d', 'Назначение компенсаций страховых премий по договору обязательного страхования гражданской ответственности владельцев транспортных средств инвалидам (в том числе детям-инвалидам), имеющим транспортные средства в соответствии с медицинскими показаниями, и их законным представителям', '', 0, '1. Заявителями, которым предоставляется государственная услуга, являются инвалиды (в том числе дети-инвалиды), постоянно проживающие на территории Костромской области и имеющие транспортные средства в соответствии с медицинскими показаниями, или их законные представители (далее - заявители).\r\nОт имени заявителя с заявлением о предоставлении государственной услуги может обратиться его представитель (далее - представитель заявителя).\r\n2. Документы, представляемые заявителем, должны соответствовать следующим требованиям:\r\n• тексты документов должны быть написаны разборчиво;\r\n• фамилия, имя и отчество (при наличии) заявителя, его адрес места жительства, телефон (если есть) должны быть написаны полностью;\r\n• документы не должны содержать подчисток, приписок, зачеркнутых слов и иных неоговоренных исправлений;\r\n•  документы не должны быть исполнены карандашом;\r\n• документы не должны иметь серьезных повреждений, наличие которых допускает неоднозначность их толкования.\r\nДокументы, необходимые для получения государствен', 900, NULL),
('ced8fc61-0d3d-45f9-aed5-461685572f63', 'Предоставление информации из реестра государственного имущества Костромской области', '', 0, '1. Заявителями, в отношении которых предоставляется государственная услуга, являются: физические лица, юридические лица, заинтересованные в получении информации из реестра государственного имущества Костромской области (далее - заявители).\r\nОт имени заявителя с заявлением о предоставлении государственной услуги может обратиться его представитель (далее - представитель заявителя). \r\n2. Документы, представляемые заявителем, должны соответствовать следующим требованиям:\r\n•  полномочия представителя оформлены в установленном законом порядке;\r\n•  тексты документов написаны разборчиво;\r\n• фамилия, имя и отчество заявителя, адрес его места жительства, номер телефона (при наличии) написаны полностью;\r\n•  в документах нет подчисток, приписок, зачеркнутых слов и иных неоговоренных исправлений;\r\n• документы не исполнены карандашом;\r\n• документы не имеют серьезных повреждений, наличие которых допускает многозначность истолкования содержания.\r\n3. Основания для отказа в приеме заявления нормативными правовыми актами, регулиру', 900, NULL),
('d632c681-0d93-4bc8-ac88-456f927218fe', 'Прием документов на оформление паспорта гражданина Российской Федерации, удостоверяющего личность гражданина Российской Федерации за пределами территории Российской Федерации (со сроком действия 5 лет)', '', 0, '1. Заявителями являются:\r\n• Гражданин Российской Федерации, проживающий на территории Российской Федерации либо за ее пределами, обратившийся с заявлением о выдаче паспорта (далее - "заявитель");\r\n•  Один из родителей (усыновителей, опекунов или попечителей) (далее - "законный представитель") гражданина Российской Федерации - в отношении несовершеннолетних граждан со дня рождения и до достижения ими 18-летнего возраста (если иное не предусмотрено законом) или граждан, признанных судом недееспособными (ограниченно дееспособными), обратившийся с заявлением о выдаче паспорта (заявлением о выдаче паспорта на несовершеннолетнего гражданина) (далее - "заявление"). \r\nЗаявителем, достигшим 18-летнего возраста, заявление подается лично при посещении многофункционального центра предоставления государственных и муниципальных услуг. В отношении несовершеннолетних граждан со дня рождения и до достижения ими 18-летнего возраста или граждан, признанных судом недееспособными (ограниченно дееспособными), заявление подается зак', 900, NULL),
('d93eee1d-56cb-4cd3-9177-b34964a2ee98', 'Прием заявлений на выдачу государственного сертификата на материнский (семейный) капитал', '', 0, '1. Право на дополнительные меры государственной поддержки возникает при рождении (усыновлении) ребенка (детей), имеющего гражданство Российской Федерации.\nПраво на получение сертификата имеют:\n• следующие граждане Российской Федерации независимо от места жительства:\no  женщина, родившая (усыновившая) второго ребенка начиная с 1 января 2007 г.;\no  женщина, родившая (усыновившая) третьего или последующих детей начиная с 1 января 2007 г., если ранее она не воспользовалась правом на дополнительные меры государственной поддержки;\no  мужчина, являющийся единственным усыновителем второго, третьего ребенка или последующих детей, ранее не воспользовавшийся правом на дополнительные меры государственной поддержки, если решение суда об усыновлении вступило в законную силу начиная с 1 января 2007 г. При возникновении права на дополнительные меры государственной поддержки у указанных лиц не учитываются дети, в отношении которых эти лица были лишены родительских прав или в отношении которых было отменено усыновление, а также у', 900, NULL),
('dd121f1c-e83e-4b73-92cd-a50f691156ba', 'Прием заявлений о предоставлении набора социальных услуг, об отказе от получения набора социальных услуг или о возобновлении предоставления набора социальных услуг', '', 0, '1. Заявителями на предоставление государственной услуги являются:\r\n - граждане Российской Федерации, за исключением граждан, выехавших на постоянное жительство за пределы территории Российской Федерации и не имеющих подтвержденного регистрацией места жительства или места пребывания на территории Российской Федерации, а также иностранные граждане и лица без гражданства, постоянно проживающие на территории Российской Федерации, из числа ветеранов, членов семей инвалидов войны, участников Великой Отечественной войны и ветеранов боевых действий, инвалидов и лиц, подвергшихся воздействию радиации вследствие катастрофы на Чернобыльской АЭС, ядерных испытаний и техногенных катастроф, а также Героев Советского Союза, Героев Российской Федерации, полных кавалеров ордена Славы и членов их семей, Героев Социалистического Труда и полных кавалеров ордена Трудовой Славы; \r\n - представители граждан в соответствии с законодательством Российской Федерации.\r\n2. Требований к предоставляемым документам нет.\r\n3. Основания для отк', 900, NULL),
('de30dfd3-123c-4821-8874-d4bb7c412566', 'Предоставление в собственность земельных участков, государственная собственность на которые не разграничена территории города Костромы, садоводам, огородникам, дачникам и их садоводческим, огородническим и дачным некоммерческим объединениям', '', 0, '1. Заявителями, в отношении которых предоставляется государственная услуга, являются:\r\n• граждане, являющиеся членами некоммерческого объединения, в случае если земельный участок, составляющий территорию данного объединения, предоставлен данному объединению либо иной организации, при которой было создано (организовано) данное объединение;\r\n•  лица, имеющие право без доверенности действовать от имени некоммерческого объединения или уполномоченное общим собранием членов данного некоммерческого объединения (собранием уполномоченных) на подачу заявления, в соответствии с решением общего собрания членов данного некоммерческого объединения (собрания уполномоченных) о приобретении земельного участка, относящегося к имуществу общего пользования, в собственность данного некоммерческого объединения (далее – представитель юридического лица); (далее - заявители).\r\nОт имени заявителя с заявлением о предоставлении государственной услуги может обратиться представитель заявителя (далее также именуемый заявитель), который пред', 900, NULL),
('e2409c8d-0b3d-4f47-a55f-0408190b2dab', 'Назначение ежегодной компенсации за вред, нанесенный здоровью вследствие Чернобыльской катастрофы', '', 0, '1. Заявителями, в отношении которых предоставляется государственная услуга, являются: граждане Российской Федерации, граждане, проживающие на территории Костромской области, из числа:\r\n•  граждан, получивших или перенесших лучевую болезнь и другие заболевания, связанные с радиационным воздействием вследствие Чернобыльской катастрофы или с работами по ликвидации последствий катастрофы на Чернобыльской АЭС;\r\n• инвалидов вследствие Чернобыльской катастрофы из числа:\r\no  граждан (в том числе временно направленных или командированных), принимавших участие в ликвидации последствий катастрофы в пределах зоны отчуждения или занятых на эксплуатации или других работах на Чернобыльской АЭС;\r\no военнослужащих и военнообязанных, призванных на специальные сборы и привлеченных к выполнению работ, связанных с ликвидацией последствий Чернобыльской катастрофы, независимо от места дислокации и выполнявшихся работ, а также лиц начальствующего и рядового состава органов внутренних дел, Государственной противопожарной службы, проход', 900, NULL),
('37c44650-fac5-4f30-b847-1d3ed286ff97', 'Назначение ежемесячного пособия на ребенка в Костромской области', '', 0, '1. Заявителями, которым предоставляется государственная услуга, являются один из родителей (усыновителей, опекунов, попечителей) на каждого рожденного, усыновленного, принятого под опеку (попечительство), совместно проживающего с ним ребенка до достижения им возраста шестнадцати лет (на учащегося общеобразовательного учреждения - до окончания им обучения, но не более чем до достижения им возраста восемнадцати лет) в семьях со среднедушевым доходом, размер которого не превышает величину прожиточного минимума в Костромской области, установленного на момент обращения за назначением ежемесячного пособия на ребенка из числа:\r\n  1) граждан Российской Федерации, проживающих на территории Костромской области;\r\n 2) иностранных граждан и лиц без гражданства, в том числе беженцев, постоянно проживающим на территории Костромской области;\r\n  3) иностранных граждан и лиц без гражданства, временно проживающих на территории Костромской области и подлежащих обязательному социальному страхованию на случай временной нетрудоспособ', 900, NULL),
('57eeb965-0b5b-4196-ba3c-923d3a5d1c6e', 'Предоставление земельных участков, находящихся  в муниципальной собственности и  государственная собственность на которые не разграничена, на которых расположены здания, строения, сооружения', '', 0, '1. Право на получение муниципальной услуги имеют граждане и юридические лица, имеющие в собственности, безвозмездном пользовании, хозяйственном ведении или оперативном управлении здания, строения, сооружения, расположенные на земельных участках, находящихся в государственной или муниципальной собственности, либо лица, уполномоченные собственником на обращение за предоставлением муниципальной услуги.\r\nВ случае, когда заявителем является юридическое лицо, от имени заявителя с заявлением о предоставлении муниципальной услуги  вправе обращаться лицо, уполномоченное на обращение с заявлением о предоставлении муниципальной услуги, имеющее право действовать без доверенности от имени юридического лица, либо полномочия которого подтверждаются доверенностью от имени юридического лица за подписью его руководителя или иного лица, уполномоченного на это его учредительными документами, с приложением печати этого юридического лица.\r\nОт имени физического лица с заявлением о предоставлении муниципальной услуги может обратитьс', 900, NULL),
('d0ae5064-5c6b-4de8-9c1a-a1fd94c88455', 'Назначение единовременного пособия при рождении ребенка', '', 0, '1. Заявителями, в отношении которых предоставляется государственная услуга, являются:\r\n один из родителей либо лицо, его заменяющее из числа граждан Российской Федерации, проживающих на территории Костромской области, постоянно проживающих на территории Российской Федерации иностранных граждан и лиц без гражданства, а также беженцев, не подлежащих обязательному социальному страхованию на случай временной нетрудоспособности и в связи с материнством в случае, если они не работают (не служат) либо обучаются по очной форме обучения на платной или бесплатной основе в образовательных учреждениях начального профессионального, среднего профессионального и высшего профессионального образования и учреждениях послевузовского профессионального образования.\r\nОт имени заявителя с заявлением о предоставлении государственной услуги может обратиться его представитель.\r\n2. Документы, предоставляемые заявителем, должны соответствовать следующим требованиям:\r\n- тексты документов должны быть написаны разборчиво;\r\n- фамилия, имя и', 900, NULL),
('236d8ccc-27c4-4c74-b605-7d38d56858c3', 'Назначение компенсации части родительской платы за содержание ребенка (присмотр и уход за ребенком) в образовательных организациях, реализующих основную общеобразовательную программу дошкольного образования', '', 0, '1. Заявителями, в отношении которых предоставляется государственная услуга, являются один из родителей (законных представителей), внесших родительскую плату за содержание ребенка в образовательных организациях, реализующих основную общеобразовательную программу дошкольного образования (далее - заявители).\r\nОт имени заявителя с заявлением о предоставлении государственной услуги может обратиться его представитель (далее - представитель заявителя).\r\n\r\n2. Документы, предоставляемые заявителем, должны соответствовать следующим требованиям:\r\n- тексты документов должны быть написаны разборчиво; \r\n- фамилия, имя и отчество (при наличии) заявителя, его адрес места жительства, телефон (если есть) должны быть написаны полностью;\r\n- документы не должны содержать подчисток, приписок, зачеркнутых слов и иных неоговоренных исправлений;\r\n- документы не должны быть исполнены карандашом;\r\n- документы не должны иметь серьезных повреждений, наличие которых допускает неоднозначность их толкования.\r\nДокументы, необходимые для полу', 900, NULL),
('06b7baed-5283-4ae9-a374-3099088741c8', 'Назначение мер социальной поддержки многодетным семьям в виде социальных выплат, ежегодной, ежемесячной частичной денежной компенсации и единовременных пособий в Костромской области', '', 0, '1. Заявителями, в отношении которых предоставляется государственная услуга, является один из родителей (законных представителей) детей многодетной семьи,  имеющей на содержании и воспитании трех и более детей в возрасте до 18 лет, проживающей на территории Костромской области,  среднедушевой доход которой не превышает величину прожиточного минимума на душу населения, установленной в Костромской области на момент обращения за  получением государственной услуги.\nВ составе многодетной семьи учитываются дети в возрасте до 18 лет, проживающие совместно с родителями (одним из родителей) или с опекуном (попечителем), приемным родителем, а также дети, временно проживающие отдельно в связи с обучением в образовательных учреждениях.\r\nОт имени заявителя с заявлением о предоставлении государственной услуги может обратиться его представитель при наличии доверенности или иного документа, подтверждающего право на обращение от имени заявителя.\r\n\r\n2. Документы, предоставляемые заявителем, должны соответствовать следующим треб', 900, NULL),
('55a25bef-aec6-43e0-9c94-d8f0a7ef78cf', 'Назначение ежемесячной денежной выплаты в случае рождения третьего ребенка или последующих детей семьям, проживающим на территории Костромской области', '', 0, '1. Заявителями, в отношении которых предоставляется государственная услуга, являются граждане Российской Федерации из числа семей, нуждающихся в поддержке и постоянно проживающих на территории Костромской области.\r\nЕжемесячная денежная выплата предоставляется матери в случае рождения третьего ребенка или последующих детей после 31 декабря 2012 года, до достижения ребенком возраста трех лет, в семьях, имеющих среднедушевой доход ниже среднедушевого дохода населения, сложившегося в Костромской области за год, предшествующий году обращения за ежемесячной денежной выплатой (далее - заявители).\r\nОт имени заявителя с заявлением о предоставлении государственной услуги может обратиться его представитель (далее - представитель заявителя), при наличии доверенности или иного документа, подтверждающего право обращаться от имени заявителя.\r\n\r\n2. Документы, предоставляемые заявителем, должны соответствовать следующим требованиям:\r\n- тексты документов должны быть написаны разборчиво; \r\n- фамилия, имя и отчество (при наличии', 900, NULL),
('4a5b1dfb-67cd-4b04-b852-10ce5f54dfd6', 'Назначение лицам, не подлежащим обязательному социальному страхованию, ежемесячного пособия по уходу за ребенком', '', 0, '1. Заявителями, в отношении которых исполняется государственная услуга, являются проживающие на территории Костромской области граждане Российской Федерации, постоянно проживающие на территории Российской Федерации иностранные граждане и лица без гражданства, а также беженцы:\r\n- матери либо отцы, другие родственники, опекуны, фактически осуществляющие уход за ребенком, уволенные в период отпуска по уходу за ребенком в связи с ликвидацией организаций, прекращением физическими лицами деятельности в качестве индивидуальных предпринимателей, прекращением полномочий нотариусами, занимающимися частной практикой, и прекращением статуса адвоката, а также в связи с прекращением деятельности иными физическими лицами, профессиональная деятельность которых в соответствии с федеральными законами подлежит государственной регистрации и (или) лицензированию, в том числе уволенные из организаций или воинских частей, находящихся за пределами Российской Федерации, уволенные в связи с истечением срока их трудового договора в вои', 900, NULL),
('5fee4ce0-e031-467e-bb37-5b60c056b6dc', 'Назначение ежемесячной денежной компенсации на оплату жилого помещения и коммунальных услуг отдельным категориям граждан, проживающих на территории муниципальных образований Костромской области', '', 0, '1. Заявителями, в отношении которых предоставляется государственная услуга, являются отдельные категории граждан (подробно >>) (далее - заявители).\r\n От имени заявителя с заявлением о предоставлении государственной услуги может обратиться его представитель (далее - представитель заявителя).\r\n2. Документы, предоставляемые заявителем, должны соответствовать следующим требованиям:\r\n• тексты документов должны быть написаны разборчиво; \r\n•  фамилия, имя и отчество (при наличии) заявителя, его адрес места жительства, телефон (если есть) должны быть написаны полностью;\r\n• документы не должны содержать подчисток, приписок, зачеркнутых слов и иных неоговоренных исправлений;\r\n•  документы не должны быть исполнены карандашом;\r\n• документы не должны иметь серьезных повреждений, наличие которых допускает неоднозначность их толкования.\r\nДокументы, необходимые для получения государственной услуги, могут быть предоставлены как в подлинниках, так и в копиях, заверенных выдавшей документы организацией (органом, учреждением) или ', 900, NULL),
('32045ca4-b3c2-467f-a790-031439cf94ae', 'Назначение компенсационной выплаты за проезд детям, нуждающимся в обследовании и лечении в учреждениях здравоохранения, расположенных на территории города Костромы и Костромского района, и лицам, их сопровождающим', '', 0, '1. Заявителями, в отношении которых предоставляется государственная услуга, являются проживающие на территории Костромской области дети до достижения ими возраста 18 лет, нуждающиеся в обследовании и лечении в учреждениях здравоохранения, расположенных на территории города Костромы и Костромского района, и лица, их сопровождающие (только в случае совместного проезда с ребенком).\r\nОт имени заявителя с заявлением о предоставлении государственной услуги может обратиться его законный представитель или представитель.\r\n\r\n2. Документы, предоставляемые заявителем, должны соответствовать следующим требованиям:\r\n- тексты документов должны быть написаны разборчиво; \r\n- фамилия, имя и отчество (при наличии) заявителя, его адрес места жительства, телефон (если есть) должны быть написаны полностью;\r\n- документы не должны содержать подчисток, приписок, зачеркнутых слов и иных неоговоренных исправлений;\r\n- документы не должны быть исполнены карандашом;\r\n- документы не должны иметь серьезных повреждений, наличие которых допус', 900, NULL),
('236d8ccc-27c4-4c74-b605-7d38d56858b3', 'Принятие на учет граждан в качестве нуждающихся в жилых помещениях, предоставляемых по договорам социального найма', '', 0, '1. Право на получение муниципальной услуги имеют граждане Российской Федерации, проживающие на территории наименование муниципального образования:\r\n- признанные ОМСУ малоимущими в порядке, установленном Законом Костромской области от 19 декабря 2005 года N 345-ЗКО "О порядке признания граждан малоимущими в целях постановки на учет в качестве нуждающихся в жилых помещениях и предоставления им жилых помещений муниципального жилищного фонда по договорам социального найма в Костромской области", и нуждающиеся в жилом помещении, предоставляемом по договору социального найма (далее - заявитель) по следующим основаниям:\r\n   -- не являющиеся нанимателями жилых помещений по договорам социального найма или членами семьи нанимателя жилого помещения по договору социального найма либо собственниками жилых помещений или членами семьи собственника жилого помещения;\r\n   -- являющиеся нанимателями жилых помещений по договорам социального найма или членами семьи нанимателя жилого помещения по договору социального найма либо со', 900, NULL),
('6b0ebda5-de4c-4fe7-bfae-274872b53925', 'Назначение государственной социальной помощи в Костромской области малоимущим семьям, малоимущим одиноко проживающим гражданам', '', 0, '1. Заявителями, в отношении которых исполняется государственная услуга, являются граждане Российской Федерации, проживающие на территории Костромской области, из числа малоимущих семьей, малоимущих одиноко проживающих граждан, которые по независящим от них причинам имеют среднедушевой доход ниже величины прожиточного минимума, установленного в Костромской области.\r\nОт имени заявителя с заявлением о предоставлении государственной услуги может обратиться его представитель.\r\n\r\n2. Заявление, предоставляемое заявителем, должно соответствовать следующим требованиям:\r\n- текст заявления должен быть написан разборчиво;\r\nфамилия, имя и отчество (при наличии) заявителя, его адрес места жительства, телефон (если есть) должны быть написаны полностью;\r\nзаявление не должно содержать подчисток, приписок, зачеркнутых слов и иных неоговоренных исправлений;\r\nзаявление не должно быть исполнено карандашом;\r\nзаявление не должно иметь серьезных повреждений, наличие которых допускает неоднозначность их толкования.\r\n\r\n3. Основания дл', 900, NULL),
('8c1a7996-9dbb-4255-a095-185030c6ce8a', 'Назначение ежемесячной денежной компенсации на питание беременным женщинам, кормящим матерям, а также детям в возрасте до трех лет в Костромской области', '', 0, '1. Заявителями, в отношении которых предоставляется государственная услуга, являются: \n- беременные женщины;\n- кормящие матери;\n- один из родителей, имеющий детей первого года жизни, находящихся на искусственном вскармливании, детей второго, третьего года жизни, не посещающих дошкольные образовательные учреждения,  среднедушевой доход семьи которых  не превышает величину прожиточного минимума на душу населения, установленной в Костромской области на момент обращения за  получением государственной услуги.\r\nОт имени заявителя с заявлением о предоставлении государственной услуги может обратиться его представитель (далее - представитель заявителя) при наличии доверенности или иного документа, подтверждающего право на обращение от имени заявителя.\r\n\r\n2. Требования к предоставляемым заявителем документам:\n- тексты документов должны быть написаны разборчиво;\n- фамилия, имя и отчество (при наличии) заявителя, его адрес места жительства, телефон (если есть) должны быть написаны полностью;\n- документы не должны содержа', 900, NULL),
('cce06643-8a0d-4103-b9c7-543ab7958f9e', 'Перевод нежилого помещения в жилое помещение и жилого помещения в нежилое помещение', '', 0, '1. Заявителями, в отношении которых предоставляется муниципальная услуга, являются физические и юридические лица (за исключением государственных органов и их территориальных органов, органов государственных внебюджетных фондов и их территориальных органов, органов местного самоуправления), являющиеся собственниками соответствующего помещения либо уполномоченными собственником на обращение за предоставлением муниципальной услуги.\r\nВ случае, когда заявителем является юридическое лицо, от имени заявителя с заявлением о предоставлении муниципальной услуги  вправе обращаться лицо, уполномоченное на обращение с заявлением о предоставлении муниципальной услуги, имеющее право действовать без доверенности от имени юридического лица либо полномочия которого подтверждаются доверенностью от имени юридического лица за подписью его руководителя или иного лица, уполномоченного на это его учредительными документами, с приложением печати этого юридического лица.\r\nВ случае, когда заявителем является физическое лицо, от имени з', 900, NULL),
('fdaf47a7-8d95-4803-9bf4-6e4a3bbffcf1', 'Присвоение звания "Ветеран труда Костромской области"', '', 0, '1. Заявителями, в отношении которых предоставляется государственная услуга по присвоению звания "Ветеран труда Костромской области", являются лица, имеющие:\r\n    - трудовой стаж:\r\n        - для мужчин - не менее 41 года, в том числе не менее 20 лет на территории Костромской области;\r\n        - для женщин - не менее 36 лет, в том числе не менее 18 лет на территории Костромской области;\r\n    - одно из следующих награждений или поощрений:\r\n        - Почетную грамоту Костромского областного исполнительного комитета Совета народных депутатов или Почетную грамоту администрации Костромской области;\r\n        - Почетную грамоту Костромского областного Совета народных депутатов или Почетную грамоту Костромской областной Думы;\r\n        - награду губернатора Костромской области - орден "Труд. Доблесть. Честь" или медаль "Труд. Доблесть. Честь";\r\n        - почетное звание "Заслуженный рационализатор Костромской области" или "Заслуженный изобретатель Костромской области", которое было присвоено на основании постановления К', 900, NULL),
('80c5bdd0-033e-42ea-8c35-0faa5e4325b7', 'Назначение субсидии на оплату жилого помещения и коммунальных услуг', '', 0, '1. Заявителями, в отношении которых предоставляется государственная услуга, являются граждане Российской Федерации, а также иностранные граждане, если это предусмотрено международными договорами Российской Федерации, семьи или одиноко проживающие граждане, из числа:\r\n• пользователей жилого помещения в государственном или муниципальном жилищном фонде;\r\n• нанимателей жилого помещения по договору найма в частном жилищном фонде;\r\n• членов жилищного или жилищно-строительного кооператива;\r\n•  собственников жилого помещения (квартиры, жилого дома, части квартиры или жилого дома),\r\nВ случае если их расходы на оплату жилого помещения и коммунальных услуг, рассчитанные исходя из размера региональных стандартов нормативной площади жилого помещения, используемой для расчета субсидий, и размера региональных стандартов стоимости жилищно-коммунальных услуг, превышают величину, соответствующую максимально допустимой доле расходов граждан на оплату жилого помещения и коммунальных услуг в совокупном доходе семьи (далее - заявит', 900, NULL),
('43894e15-7c43-4532-ab50-c0a07eeeed94', 'моя услуга', '', 0, 'Ничего писать не буду', 900, NULL);
INSERT INTO `products` (`id`, `name`, `action_type`, `recordlimit`, `description`, `timereglament`, `timedelta`) VALUES
('67a7b713-8367-47fd-b5ae-198165e4e11d', 'Согласование переустройства и (или) перепланировки жилых помещений', '', 0, '1. Заявителями, в отношении которых предоставляется муниципальная услуга, являются: \r\n 1) физические лица;\r\n 2) юридические лица (за исключением государственных органов и их территориальных органов государственных внебюджетных фондов и их территориальных органов, органов местного самоуправления).\r\n2. В случае, когда заявителем является юридическое лицо, от имени заявителя с заявлением о предоставлении муниципальной услуги  вправе обращаться лицо, уполномоченное на обращение с заявлением о предоставлении муниципальной услуги, имеющее право действовать без доверенности от имени юридического лица либо полномочия которого подтверждаются доверенностью от имени юридического лица за подписью его руководителя или иного лица, уполномоченного на это его учредительными документами, с приложением печати этого юридического лица.\r\nОт имени заявителя - физического лица с заявлением о предоставлении муниципальной услуги может обратиться его представитель при наличии доверенности или иного документа, подтверждающего право обр', 900, NULL),
('76ab302a-ef97-492a-b14b-6ef780aa8ba5', 'Тестирование опросника', '', 0, '', 900, NULL),
('b6437eb6-b3ea-4d3c-9cb5-dbdd4c6c2098', 'Услуга МФЦ', '', 0, 'Госпошлины нет', 900, NULL),
('ba014156-9d8a-4e25-b701-cd3b7be3efc1', 'Выдача единого охотничьего билета', '', 0, '1. Общая информация: Основанием для начала предоставления государственной услуги является личное обращение получателя государственной услуги с заявлением к работнику органа и учреждения, участвующего в предоставлении.\r\n2. Категория заявителей:\r\n- гражданин Российской Федерации\r\n3. Основание для отказа в предоставлении услуги:\r\n- несоответствие Заявителя категории лиц, которым может быть оказана услуга;\r\n- непредоставление документов, необходимых для предоставления государственной услуги, или предоставление Заявителем неполного пакета таких документов;\r\n- подача документов, необходимых для предоставления государственной услуги, до окончания срока лишения гражданина Российской Федерации права на охоту.\r\n4. Срок выполнения: Охотничий билет выдается в течение 5 рабочих дней со дня поступления заявления и прилагаемых к нему документов.\r\n5. Результат оказания услуги:\r\n- выдача охотничьего билета;\r\n- выдача охотничьего билета в случае утраты охотничьего билета;\r\n- аннулирование охотничьего билета;\r\n- отказ в предост', 900, NULL);

-- --------------------------------------------------------

--
-- Структура таблицы `product_situations`
--

CREATE TABLE `product_situations` (
  `id` char(40) NOT NULL,
  `name` varchar(512) NOT NULL,
  `prefix` char(20) DEFAULT NULL,
  `expanded` tinyint(1) NOT NULL DEFAULT '1',
  PRIMARY KEY (`id`)
) ENGINE=MyISAM DEFAULT CHARSET=utf8;

--
-- Дамп данных таблицы `product_situations`
--

INSERT INTO `product_situations` (`id`, `name`, `prefix`, `expanded`) VALUES
('EE7BE5D7-96A9-A783-992F-D28878E9B297', 'Выдача справок', 'ВС', 0),
('149FEB35-8377-CD4E-4C4B-587298EB8067', 'ЖКХ', 'ЖКХ', 0),
('A03C2E6D-419D-1BD6-2D79-D1F6E8546BA2', 'Субсидии', 'СБ', 1),
('0e595b15-5c90-48ab-a5be-9461ce0ce274', 'Получение сведений по недвижимости', 'По', 1),
('36689cac-6845-4a32-9faa-c395fc7c5f0d', 'Предоставление земельных участков', 'Пр', 1),
('437ac4fb-9446-4660-a446-194f4d62fe3c', 'Получение льгот, поддержки, низкий уровень доходов', 'По', 1),
('477156f3-1c80-4d53-8348-5a27fb5d6af7', 'Переустройство и (или) перепланировка жилого помещения', 'П', 1),
('52a4b0e0-6d36-47c0-a708-bea31e8ff727', 'Оплата услуг ЖКХ', 'Оп', 1),
('58c918ba-84d5-4f33-99bc-607e871c7142', 'Поиск работы, привлечение рабочей силы', 'По', 1),
('6725c853-9a71-4310-8880-33a26f373297', 'Недвижимость/строительство', 'Н', 1);

-- --------------------------------------------------------

--
-- Структура таблицы `ps_binding`
--

CREATE TABLE `ps_binding` (
  `id` int(11) NOT NULL AUTO_INCREMENT,
  `pid` char(40) NOT NULL,
  `sid` char(40) NOT NULL,
  PRIMARY KEY (`id`),
  UNIQUE KEY `id` (`id`),
  KEY `pid` (`pid`)
) ENGINE=MyISAM  DEFAULT CHARSET=utf8 AUTO_INCREMENT=385 ;

--
-- Дамп данных таблицы `ps_binding`
--

INSERT INTO `ps_binding` (`id`, `pid`, `sid`) VALUES
(77, 'F036A7DC-D14E-9118-6FFD-DD4058186D4D', '384D695C-3AD4-C656-5E1B-8C83B6BD4C3F'),
(351, 'A8A0D718-216A-0125-CDD9-3B663475FE23', 'A03C2E6D-419D-1BD6-2D79-D1F6E8546BA2'),
(75, 'f7dbd3fb-cd34-44c6-94be-7624a127f385', 'f1f81e01-71a6-4ee0-b318-2999eed2b85f'),
(330, 'C897FB38-A191-D4F8-AF5A-DA418FDAEF5A', '52a4b0e0-6d36-47c0-a708-bea31e8ff727'),
(73, 'e23bf58b-8f94-4166-9c3b-9e639d53f8b9', '52a4b0e0-6d36-47c0-a708-bea31e8ff727'),
(72, 'd77a66ed-1d5f-44e3-8715-956cea7fe818', '6f1ba0a6-7a40-4b7a-86bb-62df1882e00c'),
(71, 'd77a66ed-1d5f-44e3-8715-956cea7fe818', '6f1ba0a6-7a40-4b7a-86bb-62df1882e00c'),
(70, 'd5bb7cab-ddb2-4557-8729-035ed2a6871e', '6725c853-9a71-4310-8880-33a26f373297'),
(67, 'ba014666-9d8a-4e25-b701-cd3b7be3efcc', '3edf6850-42ba-4661-b602-a705a2e1fac9'),
(66, 'afa80223-9469-42d0-9002-5b2a0ba013d7', '6725c853-9a71-4310-8880-33a26f373297'),
(368, '0d09ef4c-acb7-4ce7-8af4-6b04a3587186', '0cf4337c-cac6-44d2-8dab-5554272fcbe7'),
(63, '9f94d37d-875e-4d9a-80f0-f2650ad6f3fb', 'f1f81e01-71a6-4ee0-b318-2999eed2b85f'),
(62, '8e8c4f53-e3ab-49e0-a795-26b407fdb5c3', '36689cac-6845-4a32-9faa-c395fc7c5f0d'),
(61, '8a88d211-686a-41fd-b499-cc48d280ca47', '36689cac-6845-4a32-9faa-c395fc7c5f0d'),
(374, '80c5bdd0-033e-42ea-8c35-0faa5e4325b6', '437ac4fb-9446-4660-a446-194f4d62fe3c'),
(59, '86880135-9dfc-48b8-ba0c-dd4ea0934ddf', 'f1f81e01-71a6-4ee0-b318-2999eed2b85f'),
(58, '81dcd101-6c75-4c74-8c56-db3e3ab221b6', '58c918ba-84d5-4f33-99bc-607e871c7142'),
(56, '745d139b-607b-4074-bb1d-afe6ae6f86a6', '6725c853-9a71-4310-8880-33a26f373297'),
(55, '71ab1bb3-a55c-438d-9866-7745c12f89fe', '6725c853-9a71-4310-8880-33a26f373297'),
(54, '6c6c8c75-e098-4d65-9721-9ed4541db734', '6725c853-9a71-4310-8880-33a26f373297'),
(53, '599dc041-566c-4782-9dcb-14d3c5542b66', '36689cac-6845-4a32-9faa-c395fc7c5f0d'),
(52, '57fb3c2e-11cb-4c8b-90aa-748145768b73', 'f1f81e01-71a6-4ee0-b318-2999eed2b85f'),
(51, '5448d52b-229e-4428-bdcc-23d52c7a8fbe', 'f1f81e01-71a6-4ee0-b318-2999eed2b85f'),
(50, '51ce359d-7ea7-4f04-8aad-840b848f65a0', '6725c853-9a71-4310-8880-33a26f373297'),
(49, '3ea7e2bc-4d6a-4593-abb7-bbde1dbfd378', '6f1ba0a6-7a40-4b7a-86bb-62df1882e00c'),
(366, '02224883-3ec7-4f13-8c77-23af12959291', '437ac4fb-9446-4660-a446-194f4d62fe3c'),
(47, '2913aa7d-088f-4a96-988b-77538ac815cf', '477156f3-1c80-4d53-8348-5a27fb5d6af7'),
(46, '285d91ba-2a8b-41db-8497-1f646a41224c', '3edf6850-42ba-4661-b602-a705a2e1fac9'),
(367, '0d09ef4c-acb7-4ce7-8af4-6b04a3587186', '437ac4fb-9446-4660-a446-194f4d62fe3c'),
(371, '42aeae15-6d85-4e78-8358-64984964979c', '0cf4337c-cac6-44d2-8dab-5554272fcbe7'),
(40, 'G036A7DC-D14E-9118-6FFD-DD4058186D4D', '3edf6850-42ba-4661-b602-a705a2e1fac9'),
(39, 'F036A7DC-D14E-9118-6FFD-DD4058186D4D', '3edf6850-42ba-4661-b602-a705a2e1fac9'),
(373, '6d2b6a48-a300-4b2d-aa86-a820e5b730d7', '437ac4fb-9446-4660-a446-194f4d62fe3c'),
(78, 'G036A7DC-D14E-9118-6FFD-DD4058186D4D', '384D695C-3AD4-C656-5E1B-8C83B6BD4C3F'),
(79, '599dc041-566c-4782-9dcb-14d3c5542b66', '384D695C-3AD4-C656-5E1B-8C83B6BD4C3F'),
(80, 'd5bb7cab-ddb2-4557-8729-035ed2a6871e', '384D695C-3AD4-C656-5E1B-8C83B6BD4C3F'),
(81, '9f94d37d-875e-4d9a-80f0-f2650ad6f3fb', '1283CE55-70CB-AB1C-04D9-E61C2F7E7342'),
(82, '8e8c4f53-e3ab-49e0-a795-26b407fdb5c3', '1283CE55-70CB-AB1C-04D9-E61C2F7E7342'),
(83, '8a88d211-686a-41fd-b499-cc48d280ca47', '1283CE55-70CB-AB1C-04D9-E61C2F7E7342'),
(88, '8e8c4f53-e3ab-49e0-a795-26b407fdb5c3', '02B3B158-3D0E-6409-323B-3BA1178E2FFA'),
(85, 'ad20b691-9a00-43ef-903e-c9c384663515', '64CCAF73-212A-2F2A-9E42-57F1CC7E4E87'),
(376, '835a2ae3-deca-4fef-8846-a4d944121a61', '0cf4337c-cac6-44d2-8dab-5554272fcbe7'),
(87, '8a88d211-686a-41fd-b499-cc48d280ca47', '64CCAF73-212A-2F2A-9E42-57F1CC7E4E87'),
(369, '1a3de5be-220e-408d-bfd2-c2701cee299a', '0cf4337c-cac6-44d2-8dab-5554272fcbe7'),
(370, '42aeae15-6d85-4e78-8358-64984964979c', '437ac4fb-9446-4660-a446-194f4d62fe3c'),
(380, 'bb225766-e30b-48ef-ac37-2184a3d878d8', '437ac4fb-9446-4660-a446-194f4d62fe3c'),
(372, '69112c77-c5d9-41b6-bc44-999f597aa1a7', '0cf4337c-cac6-44d2-8dab-5554272fcbe7'),
(381, 'becc8023-bad2-463e-ab1a-b443fe63a8bb', '437ac4fb-9446-4660-a446-194f4d62fe3c'),
(312, '7ba5b18f-0f8e-458c-b214-e8ba9e0f0ea4', '6725c853-9a71-4310-8880-33a26f373297'),
(311, '7ba5b18f-0f8e-458c-b214-e8ba9e0f0ea4', '36689cac-6845-4a32-9faa-c395fc7c5f0d'),
(375, '835a2ae3-deca-4fef-8846-a4d944121a61', '437ac4fb-9446-4660-a446-194f4d62fe3c'),
(382, 'c5d2514f-68c5-43cd-9809-26779c71452d', '437ac4fb-9446-4660-a446-194f4d62fe3c'),
(377, 'a5d15871-8a6d-44c5-a75f-fe2837e90b30', '0cf4337c-cac6-44d2-8dab-5554272fcbe7'),
(378, 'a92bdb9f-0f06-42c5-85d3-f5e1365067e6', '2a8b80a4-8de9-408c-9754-66020fffd46c'),
(384, 'e2409c8d-0b3d-4f47-a55f-0408190b2dab', '437ac4fb-9446-4660-a446-194f4d62fe3c'),
(379, 'b6437eb6-b3ea-4d3c-9cb5-dbdd4c6c2098', '437ac4fb-9446-4660-a446-194f4d62fe3c'),
(383, 'ced8fc61-0d3d-45f9-aed5-461685572f63', '0e595b15-5c90-48ab-a5be-9461ce0ce274'),
(331, 'C897FB38-A191-D4F8-AF5A-DA418FDAEF5A', '149FEB35-8377-CD4E-4C4B-587298EB8067'),
(345, 'E2BB64ED-0FF0-FC30-56FE-2FEE378FD36A', '58c918ba-84d5-4f33-99bc-607e871c7142'),
(352, 'A8A0D718-216A-0125-CDD9-3B663475FE23', '149FEB35-8377-CD4E-4C4B-587298EB8067'),
(350, 'E2BB64ED-0FF0-FC30-56FE-2FEE378FD36A', 'EE7BE5D7-96A9-A783-992F-D28878E9B297');

-- --------------------------------------------------------

--
-- Структура таблицы `settings`
--

CREATE TABLE `settings` (
  `id` int(11) NOT NULL AUTO_INCREMENT,
  `entity` char(40) NOT NULL,
  `parameter` char(40) NOT NULL,
  `value` varchar(3000) NOT NULL,
  `description` char(40) NOT NULL,
  PRIMARY KEY (`id`)
) ENGINE=MyISAM  DEFAULT CHARSET=utf8 AUTO_INCREMENT=34 ;

--
-- Дамп данных таблицы `settings`
--

INSERT INTO `settings` (`id`, `entity`, `parameter`, `value`, `description`) VALUES
(1, 'ticket', 'template', '<html><table face="Arial" width="6.5cm" height="6cm"><tr><th colspan="2" class="organization-name" style="font-size:6px; text-align:center;">{organization.name}\n</th></tr><tr><td style="font-size:6px; text-align:center;">{ticket.numheader}</td><td style="font-size:6px; text-align:center;">{ticket.regheader}</td></tr><tr><td rowspan="3" style="font-size:16px; text-align:center; font-weight:600;" class="ticket-number">{ticket.prefix} {ticket.number}</td><td style="font-size:6px; text-align:center; font-weight:600;">{ticket.created}</td></tr><tr><td style="font-size:6px; text-align:center;">{ticket.bookheader}</td></tr><tr><td style="font-size:6px; text-align:center; font-weight:600;">{ticket.notbefore}</td></tr><tr><td style="font-size:6px; text-align:center;">{ticket.callheader}</td><td style="font-size:6px; text-align:center;">{ticket.visheader}</td></tr><tr><td style="font-size:6px; text-align:center; font-weight:600;">{organization.callcenter}</td><td style="font-size:6px; text-align:center; font-weight:600;">{ticket.visitor}</td></tr><tr><td colspan="2" style="font-size:6px; text-align:center;">{ticket.sitheader}</td></tr><tr><td colspan="2" style="font-size:6px; text-align:center;">{ticket.situation}</td></tr><tr><td colspan="2" style="font-size:6px; text-align:center;">{ticket.booknote}</td></tr><tr><td colspan="2" style="font-size:6px; text-align:center;">{ticket.pincode}</td></tr></table></html>', 'Шаблон талона'),
(15, 'ticket', 'notbefore', '[ticket_not_before]', 'Дата брони'),
(13, 'ticket', 'situation', '[situation_name]', 'Имя ЖС'),
(6, 'ticket', 'numheader', 'Номер очереди', 'Номер очереди (заголовок)'),
(5, 'ticket', 'callheader', 'Контакт-центр', 'Телефон (заголовок)'),
(3, 'organization', 'name', 'Многофункциональный центр предоставления государственных и муниципальных услуг', 'Имя организации'),
(4, 'organization', 'callcenter', '42-42-42', 'Телефон'),
(7, 'ticket', 'regheader', 'Дата регистрации', 'Дата регистрации (заголовок)'),
(8, 'ticket', 'bookheader', 'Дата явки', 'Дата явки (заголовок)'),
(9, 'ticket', 'prefix', '[ticket_prefix]', 'Префикс талона'),
(10, 'ticket', 'number', '[ticket_number]', 'Номер талона'),
(11, 'ticket', 'pincode', '[ticket_pincode]', 'Пинкод талона'),
(12, 'ticket', 'created', '[ticket_created_readable]', 'Дата создания талона'),
(14, 'ticket', 'sitheader', 'Жизненная ситуация', 'Жизненная ситуация (заголовок)'),
(16, 'ticket', 'visitor', '[ticket_visitor]', 'Имя посетителя'),
(17, 'ticket', 'visheader', 'Посетитель', 'Посетитель (заголовок)'),
(18, 'ticket', 'booknote', '[ticket_booknote]', 'Дополнительная информация о бронировании'),
(30, 'plasma', 'marquee', 'Приветствуем жителей Марса!', 'Бегущая строка'),
(22, 'plasma', 'marquee', 'Время работы МФЦ 30 декабря - с 08:00 до 17:00', 'Бегущая строка'),
(26, 'plasma', 'marquee', 'Время приема старшего инспектора ГИБДД 11.02.2015 с 10-00 до 14-00', 'Бегущая строка');

-- --------------------------------------------------------

--
-- Структура таблицы `settings_entities`
--

CREATE TABLE `settings_entities` (
  `entity` varchar(40) NOT NULL,
  `description` char(40) NOT NULL,
  `sys` tinyint(1) NOT NULL DEFAULT '0',
  UNIQUE KEY `entity` (`entity`)
) ENGINE=MyISAM DEFAULT CHARSET=utf8;

--
-- Дамп данных таблицы `settings_entities`
--

INSERT INTO `settings_entities` (`entity`, `description`, `sys`) VALUES
('ticket', 'Талон', 1),
('organization', 'Организация', 1),
('plasma', 'Плазма', 1);

-- --------------------------------------------------------

--
-- Структура таблицы `shedule`
--

CREATE TABLE `shedule` (
  `shedule_id` int(10) NOT NULL AUTO_INCREMENT,
  `shedule_type` int(10) NOT NULL,
  `bid` char(40) NOT NULL,
  `weekday` int(1) DEFAULT NULL,
  `monthday` int(2) DEFAULT NULL,
  `begin` char(5) NOT NULL,
  `end` char(5) NOT NULL,
  PRIMARY KEY (`shedule_id`),
  UNIQUE KEY `shedule_id` (`shedule_id`),
  KEY `bid` (`bid`)
) ENGINE=MyISAM  DEFAULT CHARSET=utf8 AUTO_INCREMENT=17 ;

--
-- Дамп данных таблицы `shedule`
--

INSERT INTO `shedule` (`shedule_id`, `shedule_type`, `bid`, `weekday`, `monthday`, `begin`, `end`) VALUES
(1, 1, '105BB2DB-0D6D-B86A-9007-5B082FF4B53D', 5, NULL, '10:00', '15:00'),
(2, 2, '105BB2DB-0D6D-B86A-9007-5B082FF4B53D', 3, NULL, '14:00', '18:30'),
(3, 1, '105BB2DB-0D6D-B86A-9007-5B082FF4B53D', 1, NULL, '10:00', '19:00'),
(4, 2, '105BB2DB-0D6D-B86A-9007-5B082FF4B53D', 1, NULL, '14:00', '15:00'),
(5, 1, '105BB2DB-0D6D-B86A-9007-5B082FF4B53D', 2, NULL, '10:00', '19:00'),
(6, 2, '105BB2DB-0D6D-B86A-9007-5B082FF4B53D', 2, NULL, '15:00', '16:00'),
(7, 1, '105BB2DB-0D6D-B86A-9007-5B082FF4B53D', 4, NULL, '10:00', '19:00'),
(8, 2, '105BB2DB-0D6D-B86A-9007-5B082FF4B53D', 4, NULL, '15:00', '16:00'),
(9, 1, '105BB2DB-0D6D-B86A-9007-5B082FF4B53D', 3, NULL, '10:00', '19:00'),
(10, 1, '105BB2DB-0D6D-B86A-9007-5B082FF4B53D', 1, NULL, '10:45', '18:30'),
(11, 2, '105BB2DB-0D6D-B86A-9007-5B082FF4B53D', 1, NULL, '14:00', '15:00'),
(12, 1, '51E36F6E-618F-8CE7-858E-32E85259BCCF', 5, NULL, '10:00', '15:00'),
(13, 2, '105BB2DB-0D6D-B86A-9007-5B082FF4B53D', 0, NULL, '15:00', '16:00'),
(14, 1, '105BB2DB-0D6D-B86A-9007-5B082FF4B53D', 0, NULL, '10:00', '19:00'),
(15, 2, '105BB2DB-0D6D-B86A-9007-5B082FF4B53D', 6, NULL, '15:00', '16:00'),
(16, 1, '105BB2DB-0D6D-B86A-9007-5B082FF4B53D', 6, NULL, '10:00', '19:00');

-- --------------------------------------------------------

--
-- Структура таблицы `shedule_types`
--

CREATE TABLE `shedule_types` (
  `type_id` int(10) NOT NULL AUTO_INCREMENT,
  `type_name` char(255) NOT NULL,
  `type_description` char(255) DEFAULT NULL,
  `type_operable` tinyint(1) NOT NULL DEFAULT '1',
  PRIMARY KEY (`type_id`),
  UNIQUE KEY `type_id` (`type_id`)
) ENGINE=MyISAM  DEFAULT CHARSET=utf8 AUTO_INCREMENT=9 ;

--
-- Дамп данных таблицы `shedule_types`
--

INSERT INTO `shedule_types` (`type_id`, `type_name`, `type_description`, `type_operable`) VALUES
(3, 'Технический перерыв', 'Перерыв, предусмотренный на решение организационных вопросов', 0),
(5, 'Начало рабочего дня', 'Начало рабочего дня сотрудника', 1),
(6, 'Рабочий день окончен', 'Окончание рабочего дня сотрудника', 0);

-- --------------------------------------------------------

--
-- Структура таблицы `tickets`
--

CREATE TABLE `tickets` (
  `id` char(40) NOT NULL,
  `created` int(12) NOT NULL,
  `pincode` varchar(14) NOT NULL,
  `prefix` varchar(6) DEFAULT NULL,
  `number` int(6) NOT NULL,
  `not_before` int(12) NOT NULL,
  `visitor` char(60) DEFAULT NULL,
  UNIQUE KEY `id` (`id`)
) ENGINE=MyISAM DEFAULT CHARSET=utf8;

-- --------------------------------------------------------

--
-- Структура таблицы `tickets_current`
--

CREATE TABLE `tickets_current` (
  `id` int(11) NOT NULL AUTO_INCREMENT,
  `tid` char(40) NOT NULL,
  `cid` char(40) NOT NULL,
  `created` int(17) NOT NULL,
  PRIMARY KEY (`id`)
) ENGINE=MyISAM DEFAULT CHARSET=utf8 AUTO_INCREMENT=1 ;

-- --------------------------------------------------------

--
-- Структура таблицы `tickets_history`
--

CREATE TABLE `tickets_history` (
  `id` int(10) NOT NULL AUTO_INCREMENT,
  `tid` char(40) NOT NULL,
  `cid` char(40) DEFAULT NULL,
  `uid` char(40) DEFAULT NULL,
  `action_id` char(4) NOT NULL,
  `action_time` int(14) NOT NULL,
  PRIMARY KEY (`id`),
  UNIQUE KEY `id` (`id`),
  KEY `action_time` (`action_time`),
  FULLTEXT KEY `tid` (`tid`),
  FULLTEXT KEY `cid` (`cid`),
  FULLTEXT KEY `uid` (`uid`),
  FULLTEXT KEY `uid_2` (`uid`)
) ENGINE=MyISAM DEFAULT CHARSET=utf8 AUTO_INCREMENT=1 ;

-- --------------------------------------------------------

--
-- Структура таблицы `tickets_in_process`
--

CREATE TABLE `tickets_in_process` (
  `id` int(11) NOT NULL AUTO_INCREMENT,
  `tid` char(40) NOT NULL,
  `cid` char(40) NOT NULL,
  `state` char(6) NOT NULL,
  `time` int(16) NOT NULL,
  PRIMARY KEY (`id`)
) ENGINE=MyISAM DEFAULT CHARSET=utf8 AUTO_INCREMENT=1 ;

-- --------------------------------------------------------

--
-- Структура таблицы `tp_binding`
--

CREATE TABLE `tp_binding` (
  `id` int(11) NOT NULL AUTO_INCREMENT,
  `tid` char(40) NOT NULL,
  `pid` char(40) NOT NULL,
  `priority` int(1) NOT NULL DEFAULT '0',
  PRIMARY KEY (`id`),
  UNIQUE KEY `_id` (`id`),
  KEY `tid` (`tid`)
) ENGINE=MyISAM DEFAULT CHARSET=utf8 AUTO_INCREMENT=1 ;

-- --------------------------------------------------------

--
-- Структура таблицы `ts_binding`
--

CREATE TABLE `ts_binding` (
  `id` int(11) NOT NULL AUTO_INCREMENT,
  `tid` char(40) NOT NULL,
  `sid` char(40) NOT NULL,
  PRIMARY KEY (`id`),
  UNIQUE KEY `id` (`id`)
) ENGINE=MyISAM DEFAULT CHARSET=utf8 AUTO_INCREMENT=1 ;

-- --------------------------------------------------------

--
-- Структура таблицы `users`
--

CREATE TABLE `users` (
  `id` char(40) NOT NULL,
  `login` char(16) NOT NULL,
  `password` varchar(1024) NOT NULL,
  `fname` char(40) NOT NULL,
  `sname` char(40) NOT NULL,
  `mname` char(40) NOT NULL,
  `role` int(1) NOT NULL DEFAULT '0',
  `disabled` tinyint(1) NOT NULL DEFAULT '0',
  `created` timestamp NOT NULL DEFAULT CURRENT_TIMESTAMP,
  `creator` char(40) NOT NULL,
  `token` varchar(512) DEFAULT NULL,
  UNIQUE KEY `id` (`id`),
  UNIQUE KEY `login` (`login`)
) ENGINE=MyISAM DEFAULT CHARSET=utf8;

--
-- Дамп данных таблицы `users`
--

INSERT INTO `users` (`id`, `login`, `password`, `fname`, `sname`, `mname`, `role`, `disabled`, `created`, `creator`, `token`) VALUES
('875BB2DB-0D6D-B86A-9007-5B082FF4B53D', 'administrator', '$1$r2aM360w$4hvlMmD3eaR9qFV2nJPmZ0', '-', '-', '-', 0, 0, '0000-00-00 00:00:00', '875BB2DB-0D6D-B86A-9007-5B082FF4B53D', 'eyJ0eXAiOiJKV1QiLCJhbGciOiJIUzI1NiJ9.eyJpc3MiOiJodHRwOlwvXC9sb2NhbGhvc3QiLCJpYXQiOjE0MzkzMTUyMTMsImV4cCI6MTQ3MDg1MTIxMywianRpIjoiRTY4RDNBRDctRkMyRS1GNzI3LTMzRDItNDg5NUUzNTZBMTIzIiwidWlkIjoiODc1QkIyREItMEQ2RC1CODZBLTkwMDctNUIwODJGRjRCNTNEIiwiY2lkIjoiMjhCM0E4NkEtNTA5My0xQkY1LThDMjMtRTA2RDcwQkREM0ZCIiwicm9sIjoiMCJ9.Bdh9CtpBiVuDoOCOvpUNvmKnRcW4XOA5n5WmRvGjOyc'),
('01E36F6E-618F-8CE7-858E-32E85259BCKI', 'kiosk', '$1$r2aM360w$4hvlMmD3eaR9qFV2nJPmZ0', 'Киоск', '', '', 2, 0, '2014-12-04 22:28:49', '875BB2DB-0D6D-B86A-9007-5B082FF4B53D', 'eyJ0eXAiOiJKV1QiLCJhbGciOiJIUzI1NiJ9.eyJpc3MiOiJodHRwOlwvXC9sb2NhbGhvc3QiLCJpYXQiOjE0MzY4MDE3ODksImV4cCI6MTQ2ODMzNzc4OSwianRpIjoiRTgzMzZGNDktQjFCMC1FNjc2LUVFODEtMzMxQTQyNjNBMEJEIiwidWlkIjoiMDFFMzZGNkUtNjE4Ri04Q0U3LTg1OEUtMzJFODUyNTlCQ0tJIiwiY2lkIjoiMzdCQjI1N0ItNjRCQy03MzcxLUI4OEItQTMxOURFQUI3Mzk0Iiwicm9sIjoiMiJ9.Z8V5Ow-hX99KGgL6663Kivwm2xGtyZXwx3G834RTZzA'),
('11E36F6E-618F-8CE7-858E-32E85259BCKI', 'plasma', '$1$r2aM360w$4hvlMmD3eaR9qFV2nJPmZ0', 'Оповещение', '', '', 3, 0, '2014-12-04 22:28:49', '875BB2DB-0D6D-B86A-9007-5B082FF4B53D', 'eyJ0eXAiOiJKV1QiLCJhbGciOiJIUzI1NiJ9.eyJpc3MiOiJodHRwOlwvXC9sb2NhbGhvc3QiLCJpYXQiOjE0MTc3ODEyMDQsImV4cCI6MTQ0OTMxNzIwNCwianRpIjoiMTZGMTc3MDktRUIwQS01NkMwLUU1NDMtRTczNUZDNEVDODExIiwidWlkIjoiMTFFMzZGNkUtNjE4Ri04Q0U3LTg1OEUtMzJFODUyNTlCQ0tJIiwiY2lkIjoiNUJDRjMyM0ItQUQ1Qy04OTAxLUQyQ0ItMzlBODgzQTEyODE2In0.B9zAxnN9gSVH3kpgSqA3XlhiK_BcOIAovqkdC2jVYNs'),
('72C453E7-A734-F14D-77F2-E6BFAD5B6CF4', 'lumumba', '$1$DXc0KYch$xFCo.1Kgbi0wcJzIaRqEP/', 'Патрик', 'Лумумба', 'Патрикович', 1, 0, '2015-07-10 06:11:43', '875BB2DB-0D6D-B86A-9007-5B082FF4B53D', 'eyJ0eXAiOiJKV1QiLCJhbGciOiJIUzI1NiJ9.eyJpc3MiOiJodHRwOlwvXC9sb2NhbGhvc3QiLCJpYXQiOjE0MzkzODAxODcsImV4cCI6MTQ3MDkxNjE4NywianRpIjoiMkJFQTM4QkUtMURCMi03RjMwLThDQzctODA0RjUxOUFGQ0UxIiwidWlkIjoiNzJDNDUzRTctQTczNC1GMTRELTc3RjItRTZCRkFENUI2Q0Y0IiwiY2lkIjoiMDg2RkYzRkItOEJDQi03QzIyLUI3MjYtMzRFMkQ2NUY4Q0MyIiwicm9sIjoiMSJ9.EtaCWz9feFYo9xFSwnyW9jhcb2sXWt6_-_43VQtRvGM'),
('43F94D79-8DFD-6856-8DA0-B9ADAB454D4B', 'gonczarowa', '$1$r2aM360w$4hvlMmD3eaR9qFV2nJPmZ0', 'Юлия', 'Гончарова', 'Владимировна', 1, 0, '2014-12-29 20:37:52', '875BB2DB-0D6D-B86A-9007-5B082FF4B53D', 'eyJ0eXAiOiJKV1QiLCJhbGciOiJIUzI1NiJ9.eyJpc3MiOiJodHRwOlwvXC9sb2NhbGhvc3QiLCJpYXQiOjE0MzkzMjMxNzcsImV4cCI6MTQ3MDg1OTE3NywianRpIjoiNjBDOTM3NjgtQ0IwMi00NkM2LTcxMEItQUVFNEE4RTZGMDVCIiwidWlkIjoiNDNGOTRENzktOERGRC02ODU2LThEQTAtQjlBREFCNDU0RDRCIiwiY2lkIjoiNUJDRjMyM0ItQUQ1Qy04OTAxLUQyQ0ItMzlBODgzQTEyODIwIiwicm9sIjoiMSJ9.oFT8CAQ7sT-muW7bwJ8FCmCjUaUyZ69iDZIer5b9rF0');

-- --------------------------------------------------------

--
-- Структура таблицы `users_activity`
--

CREATE TABLE `users_activity` (
  `_id` int(11) NOT NULL AUTO_INCREMENT,
  `id` char(40) NOT NULL,
  `last` int(12) NOT NULL,
  `logout` int(15) DEFAULT NULL,
  `shedule_action_type` char(10) DEFAULT NULL,
  PRIMARY KEY (`_id`),
  UNIQUE KEY `_id` (`_id`)
) ENGINE=MyISAM  DEFAULT CHARSET=utf8 AUTO_INCREMENT=162 ;

--
-- Дамп данных таблицы `users_activity`
--

INSERT INTO `users_activity` (`_id`, `id`, `last`, `logout`, `shedule_action_type`) VALUES
(38, '01E36F6E-618F-8CE7-858E-32E85259BCKI', 1424761510, NULL, '5'),
(37, '875BB2DB-0D6D-B86A-9007-5B082FF4B53D', 1424344830, NULL, '5'),
(36, '01E36F6E-618F-8CE7-858E-32E85259BCKI', 1424025028, 1424025028, ''),
(35, '01E36F6E-618F-8CE7-858E-32E85259BCKI', 1423962734, NULL, '5'),
(34, '01E36F6E-618F-8CE7-858E-32E85259BCKI', 1423652485, NULL, '5'),
(33, '875BB2DB-0D6D-B86A-9007-5B082FF4B53D', 1423652477, 1423652477, '6'),
(32, '875BB2DB-0D6D-B86A-9007-5B082FF4B53D', 1423651646, NULL, '5'),
(31, '01E36F6E-618F-8CE7-858E-32E85259BCKI', 1423651634, 1423651634, '6'),
(30, '43F94D79-8DFD-6856-8DA0-B9ADAB454D4B', 1423125756, NULL, '5'),
(29, '01E36F6E-618F-8CE7-858E-32E85259BCKI', 1422475380, NULL, '5'),
(28, '875BB2DB-0D6D-B86A-9007-5B082FF4B53D', 1422475369, 1422475369, '6'),
(27, '875BB2DB-0D6D-B86A-9007-5B082FF4B53D', 1422442657, NULL, '5'),
(26, '43F94D79-8DFD-6856-8DA0-B9ADAB454D4B', 1422272115, 1422272115, '3'),
(25, '43F94D79-8DFD-6856-8DA0-B9ADAB454D4B', 1422272089, NULL, '5'),
(24, '01E36F6E-618F-8CE7-858E-32E85259BCKI', 1422272074, 1422272074, '3'),
(23, '01E36F6E-618F-8CE7-858E-32E85259BCKI', 1422272044, NULL, '5'),
(22, '875BB2DB-0D6D-B86A-9007-5B082FF4B53D', 1422272029, 1422272029, ''),
(21, '875BB2DB-0D6D-B86A-9007-5B082FF4B53D', 1422271882, NULL, '5'),
(20, '01E36F6E-618F-8CE7-858E-32E85259BCKI', 1422271869, 1422271869, ''),
(39, '875BB2DB-0D6D-B86A-9007-5B082FF4B53D', 1425565561, NULL, '5'),
(40, '875BB2DB-0D6D-B86A-9007-5B082FF4B53D', 1427897239, NULL, '5'),
(41, '43F94D79-8DFD-6856-8DA0-B9ADAB454D4B', 1427897501, NULL, '5'),
(42, '875BB2DB-0D6D-B86A-9007-5B082FF4B53D', 1427900541, 1427900541, ''),
(43, '43F94D79-8DFD-6856-8DA0-B9ADAB454D4B', 1427900550, NULL, '5'),
(44, '43F94D79-8DFD-6856-8DA0-B9ADAB454D4B', 1427900674, 1427900674, ''),
(45, '43F94D79-8DFD-6856-8DA0-B9ADAB454D4B', 1427901163, NULL, '1'),
(46, '01E36F6E-618F-8CE7-858E-32E85259BCKI', 1427929416, NULL, '1'),
(47, '43F94D79-8DFD-6856-8DA0-B9ADAB454D4B', 1427929436, 1427929436, ''),
(48, '875BB2DB-0D6D-B86A-9007-5B082FF4B53D', 1427929442, NULL, '5'),
(49, '875BB2DB-0D6D-B86A-9007-5B082FF4B53D', 1427929570, 1427929570, ''),
(50, '01E36F6E-618F-8CE7-858E-32E85259BCKI', 1427929576, NULL, '5'),
(51, '01E36F6E-618F-8CE7-858E-32E85259BCKI', 1427929770, 1427929770, ''),
(52, '43F94D79-8DFD-6856-8DA0-B9ADAB454D4B', 1427929780, NULL, '5'),
(53, '43F94D79-8DFD-6856-8DA0-B9ADAB454D4B', 1427931352, 1427931352, ''),
(54, '01E36F6E-618F-8CE7-858E-32E85259BCKI', 1427931363, NULL, '1'),
(55, '01E36F6E-618F-8CE7-858E-32E85259BCKI', 1427931391, 1427931391, ''),
(56, '875BB2DB-0D6D-B86A-9007-5B082FF4B53D', 1427931399, NULL, '1'),
(57, '875BB2DB-0D6D-B86A-9007-5B082FF4B53D', 1427931432, 1427931432, ''),
(58, '43F94D79-8DFD-6856-8DA0-B9ADAB454D4B', 1427931441, NULL, '1'),
(59, '875BB2DB-0D6D-B86A-9007-5B082FF4B53D', 1428410737, NULL, '5'),
(60, '875BB2DB-0D6D-B86A-9007-5B082FF4B53D', 1428427331, NULL, '5'),
(61, '875BB2DB-0D6D-B86A-9007-5B082FF4B53D', 1428502910, NULL, '5'),
(62, '01E36F6E-618F-8CE7-858E-32E85259BCKI', 1428503217, NULL, '5'),
(63, '875BB2DB-0D6D-B86A-9007-5B082FF4B53D', 1428937601, NULL, '5'),
(64, '875BB2DB-0D6D-B86A-9007-5B082FF4B53D', 1429887998, NULL, '5'),
(65, '875BB2DB-0D6D-B86A-9007-5B082FF4B53D', 1431509964, NULL, '5'),
(66, '875BB2DB-0D6D-B86A-9007-5B082FF4B53D', 1433333252, NULL, '1'),
(67, '875BB2DB-0D6D-B86A-9007-5B082FF4B53D', 1433334572, 1433334572, '3'),
(68, '43F94D79-8DFD-6856-8DA0-B9ADAB454D4B', 1433334584, NULL, '5'),
(69, '43F94D79-8DFD-6856-8DA0-B9ADAB454D4B', 1433335166, 1433335166, ''),
(70, '875BB2DB-0D6D-B86A-9007-5B082FF4B53D', 1433335177, NULL, '1'),
(71, '875BB2DB-0D6D-B86A-9007-5B082FF4B53D', 1435578466, NULL, '5'),
(72, '875BB2DB-0D6D-B86A-9007-5B082FF4B53D', 1435602300, 1435602300, ''),
(73, '01E36F6E-618F-8CE7-858E-32E85259BCKI', 1435602309, NULL, '5'),
(74, '01E36F6E-618F-8CE7-858E-32E85259BCKI', 1435602350, 1435602350, ''),
(75, '43F94D79-8DFD-6856-8DA0-B9ADAB454D4B', 1435602366, NULL, '5'),
(76, '875BB2DB-0D6D-B86A-9007-5B082FF4B53D', 1435602506, NULL, '5'),
(77, '43F94D79-8DFD-6856-8DA0-B9ADAB454D4B', 1435603308, 1435603308, ''),
(78, '43F94D79-8DFD-6856-8DA0-B9ADAB454D4B', 1435603338, NULL, '5'),
(79, '43F94D79-8DFD-6856-8DA0-B9ADAB454D4B', 1435611293, 1435611293, ''),
(80, '43F94D79-8DFD-6856-8DA0-B9ADAB454D4B', 1435611313, NULL, '5'),
(81, '43F94D79-8DFD-6856-8DA0-B9ADAB454D4B', 1435669847, 1435669847, ''),
(82, '875BB2DB-0D6D-B86A-9007-5B082FF4B53D', 1435669857, NULL, '5'),
(83, '875BB2DB-0D6D-B86A-9007-5B082FF4B53D', 1435685677, 1435685677, '3'),
(84, '875BB2DB-0D6D-B86A-9007-5B082FF4B53D', 1435685686, NULL, '5'),
(85, '875BB2DB-0D6D-B86A-9007-5B082FF4B53D', 1435700780, 1435700780, '3'),
(86, 'A415DC9B-0561-84F2-64DC-2B49FB2967FF', 1435700801, NULL, '1'),
(87, 'A415DC9B-0561-84F2-64DC-2B49FB2967FF', 1435701331, 1435701331, ''),
(88, '875BB2DB-0D6D-B86A-9007-5B082FF4B53D', 1435701345, NULL, '1'),
(89, '875BB2DB-0D6D-B86A-9007-5B082FF4B53D', 1435704418, 1435704418, ''),
(90, '43F94D79-8DFD-6856-8DA0-B9ADAB454D4B', 1435704513, NULL, '5'),
(91, '43F94D79-8DFD-6856-8DA0-B9ADAB454D4B', 1435704561, 1435704561, ''),
(92, '875BB2DB-0D6D-B86A-9007-5B082FF4B53D', 1435704709, NULL, '5'),
(93, '875BB2DB-0D6D-B86A-9007-5B082FF4B53D', 1435704980, 1435704980, ''),
(94, '875BB2DB-0D6D-B86A-9007-5B082FF4B53D', 1435705013, NULL, '5'),
(95, '875BB2DB-0D6D-B86A-9007-5B082FF4B53D', 1435707107, 1435707107, ''),
(96, '875BB2DB-0D6D-B86A-9007-5B082FF4B53D', 1435707124, NULL, '5'),
(97, '875BB2DB-0D6D-B86A-9007-5B082FF4B53D', 1435707182, 1435707182, ''),
(98, '01E36F6E-618F-8CE7-858E-32E85259BCKI', 1435707194, NULL, '5'),
(99, '01E36F6E-618F-8CE7-858E-32E85259BCKI', 1435707404, 1435707404, ''),
(100, '875BB2DB-0D6D-B86A-9007-5B082FF4B53D', 1435707416, NULL, '5'),
(101, '875BB2DB-0D6D-B86A-9007-5B082FF4B53D', 1435707580, 1435707580, ''),
(102, '01E36F6E-618F-8CE7-858E-32E85259BCKI', 1435707589, NULL, '5'),
(103, '01E36F6E-618F-8CE7-858E-32E85259BCKI', 1435707633, 1435707633, ''),
(104, '875BB2DB-0D6D-B86A-9007-5B082FF4B53D', 1435707644, NULL, '5'),
(105, '875BB2DB-0D6D-B86A-9007-5B082FF4B53D', 1435786563, 1435786563, ''),
(106, '01E36F6E-618F-8CE7-858E-32E85259BCKI', 1435786574, NULL, '5'),
(107, '01E36F6E-618F-8CE7-858E-32E85259BCKI', 1435787204, 1435787204, ''),
(108, '43F94D79-8DFD-6856-8DA0-B9ADAB454D4B', 1435787231, NULL, '5'),
(109, '43F94D79-8DFD-6856-8DA0-B9ADAB454D4B', 1435787290, 1435787290, ''),
(110, '875BB2DB-0D6D-B86A-9007-5B082FF4B53D', 1435787299, NULL, '5'),
(111, '875BB2DB-0D6D-B86A-9007-5B082FF4B53D', 1435787575, 1435787575, ''),
(112, '01E36F6E-618F-8CE7-858E-32E85259BCKI', 1435787582, NULL, '5'),
(113, '01E36F6E-618F-8CE7-858E-32E85259BCKI', 1435787701, 1435787701, ''),
(114, '875BB2DB-0D6D-B86A-9007-5B082FF4B53D', 1435787712, NULL, '5'),
(115, '875BB2DB-0D6D-B86A-9007-5B082FF4B53D', 1435788190, 1435788190, ''),
(116, '01E36F6E-618F-8CE7-858E-32E85259BCKI', 1435788207, NULL, '5'),
(117, '01E36F6E-618F-8CE7-858E-32E85259BCKI', 1435789006, 1435789006, ''),
(118, '875BB2DB-0D6D-B86A-9007-5B082FF4B53D', 1435789018, NULL, '5'),
(119, '875BB2DB-0D6D-B86A-9007-5B082FF4B53D', 1436097082, NULL, '5'),
(120, '875BB2DB-0D6D-B86A-9007-5B082FF4B53D', 1436200186, NULL, '5'),
(121, '01E36F6E-618F-8CE7-858E-32E85259BCKI', 1436288664, NULL, '5'),
(122, '01E36F6E-618F-8CE7-858E-32E85259BCKI', 1436289133, 1436289133, ''),
(123, '43F94D79-8DFD-6856-8DA0-B9ADAB454D4B', 1436289151, NULL, '5'),
(124, '43F94D79-8DFD-6856-8DA0-B9ADAB454D4B', 1436289200, 1436289200, ''),
(125, '875BB2DB-0D6D-B86A-9007-5B082FF4B53D', 1436289209, NULL, '5'),
(126, '875BB2DB-0D6D-B86A-9007-5B082FF4B53D', 1436289240, 1436289240, ''),
(127, '43F94D79-8DFD-6856-8DA0-B9ADAB454D4B', 1436289248, NULL, '5'),
(128, '875BB2DB-0D6D-B86A-9007-5B082FF4B53D', 1436364536, NULL, '5'),
(129, '43F94D79-8DFD-6856-8DA0-B9ADAB454D4B', 1436386686, 1436386686, ''),
(130, '875BB2DB-0D6D-B86A-9007-5B082FF4B53D', 1436386693, NULL, '5'),
(131, '43F94D79-8DFD-6856-8DA0-B9ADAB454D4B', 1436386741, NULL, '5'),
(132, '43F94D79-8DFD-6856-8DA0-B9ADAB454D4B', 1436386827, 1436386827, ''),
(133, '43F94D79-8DFD-6856-8DA0-B9ADAB454D4B', 1436386864, NULL, '5'),
(134, '875BB2DB-0D6D-B86A-9007-5B082FF4B53D', 1436483288, NULL, '5'),
(135, '875BB2DB-0D6D-B86A-9007-5B082FF4B53D', 1436484122, 1436484122, ''),
(136, '875BB2DB-0D6D-B86A-9007-5B082FF4B53D', 1436484415, NULL, '5'),
(137, '875BB2DB-0D6D-B86A-9007-5B082FF4B53D', 1436519249, 1436519249, ''),
(138, '43F94D79-8DFD-6856-8DA0-B9ADAB454D4B', 1436519276, NULL, '5'),
(139, '43F94D79-8DFD-6856-8DA0-B9ADAB454D4B', 1436519404, 1436519404, ''),
(140, '875BB2DB-0D6D-B86A-9007-5B082FF4B53D', 1436519412, NULL, '5'),
(141, '875BB2DB-0D6D-B86A-9007-5B082FF4B53D', 1436519509, 1436519509, ''),
(142, '43F94D79-8DFD-6856-8DA0-B9ADAB454D4B', 1436519520, NULL, '5'),
(143, '72C453E7-A734-F14D-77F2-E6BFAD5B6CF4', 1436519532, NULL, '5'),
(144, '43F94D79-8DFD-6856-8DA0-B9ADAB454D4B', 1436520918, 1436520918, ''),
(145, '875BB2DB-0D6D-B86A-9007-5B082FF4B53D', 1436520933, NULL, '5'),
(146, '01E36F6E-618F-8CE7-858E-32E85259BCKI', 1436782158, NULL, '5'),
(147, '01E36F6E-618F-8CE7-858E-32E85259BCKI', 1436782158, NULL, '5'),
(148, '01E36F6E-618F-8CE7-858E-32E85259BCKI', 1436801789, NULL, '5'),
(149, '43F94D79-8DFD-6856-8DA0-B9ADAB454D4B', 1438706609, NULL, '5'),
(150, '43F94D79-8DFD-6856-8DA0-B9ADAB454D4B', 1438706655, 1438706655, ''),
(151, '875BB2DB-0D6D-B86A-9007-5B082FF4B53D', 1438706662, NULL, '5'),
(152, '875BB2DB-0D6D-B86A-9007-5B082FF4B53D', 1439315213, NULL, '5'),
(153, '43F94D79-8DFD-6856-8DA0-B9ADAB454D4B', 1439317560, NULL, '5'),
(154, '72C453E7-A734-F14D-77F2-E6BFAD5B6CF4', 1439318162, NULL, '5'),
(155, '72C453E7-A734-F14D-77F2-E6BFAD5B6CF4', 1439319184, 1439319184, ''),
(156, '43F94D79-8DFD-6856-8DA0-B9ADAB454D4B', 1439319191, NULL, '5'),
(157, '43F94D79-8DFD-6856-8DA0-B9ADAB454D4B', 1439323164, 1439323164, ''),
(158, '43F94D79-8DFD-6856-8DA0-B9ADAB454D4B', 1439323177, NULL, '5'),
(159, '875BB2DB-0D6D-B86A-9007-5B082FF4B53D', 1439340069, 1439340069, ''),
(160, '72C453E7-A734-F14D-77F2-E6BFAD5B6CF4', 1439340090, NULL, '5'),
(161, '72C453E7-A734-F14D-77F2-E6BFAD5B6CF4', 1439380187, NULL, '5');

-- --------------------------------------------------------

--
-- Структура таблицы `workplaces`
--

CREATE TABLE `workplaces` (
  `wid` int(10) NOT NULL AUTO_INCREMENT,
  `cid` char(40) DEFAULT NULL,
  `workplace_number` char(10) NOT NULL,
  `workplace_name` char(255) DEFAULT NULL,
  `workplace_type` int(10) NOT NULL,
  `workplace_operable` tinyint(1) NOT NULL DEFAULT '1',
  PRIMARY KEY (`wid`),
  UNIQUE KEY `wid` (`wid`)
) ENGINE=MyISAM  DEFAULT CHARSET=utf8 AUTO_INCREMENT=18 ;

--
-- Дамп данных таблицы `workplaces`
--

INSERT INTO `workplaces` (`wid`, `cid`, `workplace_number`, `workplace_name`, `workplace_type`, `workplace_operable`) VALUES
(1, '5BCF323B-AD5C-8901-D2CB-39A883A12820', '1', 'Окно старшего', 1, 1),
(2, '086FF3FB-8BCB-7C22-B726-34E2D65F8CC2', '2', '', 1, 1),
(4, 'BF0A1F6C-3A33-8950-1E93-3D09330F7BA4', '4', NULL, 1, 1),
(5, '33F82053-ECB9-0002-42C4-D5B096CD780F', '3', NULL, 1, 1),
(6, '3D64F5DB-DEFB-05BC-5266-21E711B68A36', '5', '', 1, 1),
(14, '37BB257B-64BC-7371-B88B-A319DEAB7394', '1', 'Киоск', 4, 0),
(13, '28B3A86A-5093-1BF5-8C23-E06D70BDD3FB', '0', 'Админ-стойка', 1, 0);

-- --------------------------------------------------------

--
-- Структура таблицы `workplace_types`
--

CREATE TABLE `workplace_types` (
  `type_id` int(3) NOT NULL AUTO_INCREMENT,
  `type_description` char(255) NOT NULL,
  `type_name` char(255) NOT NULL,
  UNIQUE KEY `type_id` (`type_id`)
) ENGINE=MyISAM  DEFAULT CHARSET=utf8 AUTO_INCREMENT=5 ;

--
-- Дамп данных таблицы `workplace_types`
--

INSERT INTO `workplace_types` (`type_id`, `type_description`, `type_name`) VALUES
(1, 'Рабочее место оператора МФЦ', 'Окно'),
(2, 'Рабочее место кассира', 'Касса'),
(3, 'Кабинет, принимающий заявителей', 'Кабинет'),
(4, 'Информационный киоск', 'Киоск');
